1505.0000, -47.114
1505.0213, -47.104
1505.0425, -47.079
1505.0638, -47.096
1505.0850, -47.075
1505.1063, -47.064
1505.1275, -47.067
1505.1488, -47.036
1505.1700, -47.037
1505.1913, -47.019
1505.2126, -47.017
1505.2338, -46.991
1505.2551, -47.003
1505.2763, -46.982
1505.2976, -46.975
1505.3188, -46.969
1505.3401, -46.948
1505.3613, -46.933
1505.3826, -46.939
1505.4039, -46.913
1505.4251, -46.905
1505.4464, -46.894
1505.4676, -46.893
1505.4889, -46.878
1505.5101, -46.869
1505.5314, -46.860
1505.5526, -46.844
1505.5739, -46.835
1505.5951, -46.829
1505.6164, -46.818
1505.6377, -46.812
1505.6589, -46.792
1505.6802, -46.786
1505.7014, -46.767
1505.7227, -46.762
1505.7439, -46.762
1505.7652, -46.738
1505.7864, -46.721
1505.8077, -46.718
1505.8290, -46.707
1505.8502, -46.701
1505.8715, -46.690
1505.8927, -46.674
1505.9140, -46.667
1505.9352, -46.660
1505.9565, -46.640
1505.9777, -46.638
1505.9990, -46.620
1506.0203, -46.613
1506.0415, -46.603
1506.0628, -46.591
1506.0840, -46.585
1506.1053, -46.574
1506.1265, -46.557
1506.1478, -46.555
1506.1690, -46.544
1506.1903, -46.539
1506.2116, -46.526
1506.2328, -46.516
1506.2541, -46.498
1506.2753, -46.489
1506.2966, -46.482
1506.3178, -46.472
1506.3391, -46.468
1506.3603, -46.445
1506.3816, -46.433
1506.4029, -46.434
1506.4241, -46.418
1506.4454, -46.409
1506.4666, -46.391
1506.4879, -46.384
1506.5091, -46.374
1506.5304, -46.365
1506.5516, -46.345
1506.5729, -46.348
1506.5941, -46.334
1506.6154, -46.319
1506.6367, -46.299
1506.6579, -46.303
1506.6792, -46.290
1506.7004, -46.268
1506.7217, -46.264
1506.7429, -46.260
1506.7642, -46.242
1506.7854, -46.239
1506.8067, -46.231
1506.8280, -46.219
1506.8492, -46.196
1506.8705, -46.185
1506.8917, -46.174
1506.9130, -46.156
1506.9342, -46.153
1506.9555, -46.142
1506.9767, -46.127
1506.9980, -46.116
1507.0193, -46.090
1507.0405, -46.102
1507.0618, -46.084
1507.0830, -46.072
1507.1043, -46.058
1507.1255, -46.035
1507.1468, -46.036
1507.1680, -46.019
1507.1893, -46.009
1507.2106, -45.999
1507.2318, -45.988
1507.2531, -45.980
1507.2743, -45.963
1507.2956, -45.968
1507.3168, -45.944
1507.3381, -45.933
1507.3593, -45.919
1507.3806, -45.912
1507.4019, -45.896
1507.4231, -45.884
1507.4444, -45.879
1507.4656, -45.859
1507.4869, -45.855
1507.5081, -45.846
1507.5294, -45.827
1507.5506, -45.820
1507.5719, -45.810
1507.5931, -45.792
1507.6144, -45.780
1507.6357, -45.766
1507.6569, -45.761
1507.6782, -45.739
1507.6994, -45.730
1507.7207, -45.721
1507.7419, -45.711
1507.7632, -45.707
1507.7844, -45.686
1507.8057, -45.697
1507.8270, -45.682
1507.8482, -45.655
1507.8695, -45.654
1507.8907, -45.636
1507.9120, -45.620
1507.9332, -45.604
1507.9545, -45.592
1507.9757, -45.592
1507.9970, -45.575
1508.0183, -45.555
1508.0395, -45.548
1508.0608, -45.533
1508.0820, -45.522
1508.1033, -45.508
1508.1245, -45.498
1508.1458, -45.483
1508.1670, -45.468
1508.1883, -45.464
1508.2096, -45.443
1508.2308, -45.438
1508.2521, -45.423
1508.2733, -45.408
1508.2946, -45.397
1508.3158, -45.385
1508.3371, -45.376
1508.3583, -45.365
1508.3796, -45.351
1508.4009, -45.344
1508.4221, -45.324
1508.4434, -45.297
1508.4646, -45.295
1508.4859, -45.285
1508.5071, -45.263
1508.5284, -45.261
1508.5496, -45.242
1508.5709, -45.229
1508.5921, -45.221
1508.6134, -45.213
1508.6347, -45.199
1508.6559, -45.186
1508.6772, -45.179
1508.6984, -45.154
1508.7197, -45.144
1508.7409, -45.130
1508.7622, -45.115
1508.7834, -45.106
1508.8047, -45.087
1508.8260, -45.077
1508.8472, -45.070
1508.8685, -45.055
1508.8897, -45.047
1508.9110, -45.023
1508.9322, -45.012
1508.9535, -45.001
1508.9747, -44.995
1508.9960, -44.980
1509.0173, -44.965
1509.0385, -44.959
1509.0598, -44.939
1509.0810, -44.914
1509.1023, -44.921
1509.1235, -44.900
1509.1448, -44.884
1509.1660, -44.877
1509.1873, -44.860
1509.2086, -44.847
1509.2298, -44.828
1509.2511, -44.821
1509.2723, -44.808
1509.2936, -44.799
1509.3148, -44.783
1509.3361, -44.771
1509.3573, -44.754
1509.3786, -44.744
1509.3998, -44.721
1509.4211, -44.711
1509.4424, -44.706
1509.4636, -44.687
1509.4849, -44.669
1509.5061, -44.666
1509.5274, -44.645
1509.5486, -44.631
1509.5699, -44.620
1509.5911, -44.607
1509.6124, -44.590
1509.6337, -44.578
1509.6549, -44.568
1509.6762, -44.550
1509.6974, -44.534
1509.7187, -44.519
1509.7399, -44.509
1509.7612, -44.503
1509.7824, -44.484
1509.8037, -44.466
1509.8250, -44.454
1509.8462, -44.442
1509.8675, -44.427
1509.8887, -44.407
1509.9100, -44.394
1509.9312, -44.381
1509.9525, -44.365
1509.9737, -44.357
1509.9950, -44.335
1510.0163, -44.327
1510.0375, -44.301
1510.0588, -44.298
1510.0800, -44.276
1510.1013, -44.263
1510.1225, -44.257
1510.1438, -44.234
1510.1650, -44.227
1510.1863, -44.208
1510.2076, -44.192
1510.2288, -44.176
1510.2501, -44.165
1510.2713, -44.155
1510.2926, -44.140
1510.3138, -44.120
1510.3351, -44.114
1510.3563, -44.092
1510.3776, -44.079
1510.3988, -44.066
1510.4201, -44.049
1510.4414, -44.040
1510.4626, -44.023
1510.4839, -44.017
1510.5051, -43.997
1510.5264, -43.981
1510.5476, -43.968
1510.5689, -43.958
1510.5901, -43.945
1510.6114, -43.923
1510.6327, -43.907
1510.6539, -43.893
1510.6752, -43.879
1510.6964, -43.860
1510.7177, -43.849
1510.7389, -43.831
1510.7602, -43.819
1510.7814, -43.795
1510.8027, -43.787
1510.8240, -43.773
1510.8452, -43.752
1510.8665, -43.734
1510.8877, -43.718
1510.9090, -43.702
1510.9302, -43.690
1510.9515, -43.673
1510.9727, -43.652
1510.9940, -43.642
1511.0153, -43.629
1511.0365, -43.608
1511.0578, -43.596
1511.0790, -43.576
1511.1003, -43.565
1511.1215, -43.548
1511.1428, -43.542
1511.1640, -43.519
1511.1853, -43.503
1511.2066, -43.489
1511.2278, -43.470
1511.2491, -43.459
1511.2703, -43.444
1511.2916, -43.431
1511.3128, -43.418
1511.3341, -43.389
1511.3553, -43.388
1511.3766, -43.363
1511.3978, -43.349
1511.4191, -43.330
1511.4404, -43.320
1511.4616, -43.298
1511.4829, -43.285
1511.5041, -43.275
1511.5254, -43.254
1511.5466, -43.242
1511.5679, -43.225
1511.5891, -43.207
1511.6104, -43.196
1511.6317, -43.178
1511.6529, -43.158
1511.6742, -43.144
1511.6954, -43.133
1511.7167, -43.117
1511.7379, -43.099
1511.7592, -43.081
1511.7804, -43.071
1511.8017, -43.051
1511.8230, -43.040
1511.8442, -43.027
1511.8655, -43.010
1511.8867, -42.993
1511.9080, -42.976
1511.9292, -42.965
1511.9505, -42.953
1511.9717, -42.935
1511.9930, -42.912
1512.0143, -42.897
1512.0355, -42.884
1512.0568, -42.856
1512.0780, -42.843
1512.0993, -42.831
1512.1205, -42.807
1512.1418, -42.793
1512.1630, -42.775
1512.1843, -42.759
1512.2056, -42.744
1512.2268, -42.726
1512.2481, -42.703
1512.2693, -42.693
1512.2906, -42.673
1512.3118, -42.654
1512.3331, -42.643
1512.3543, -42.620
1512.3756, -42.608
1512.3968, -42.592
1512.4181, -42.572
1512.4394, -42.559
1512.4606, -42.545
1512.4819, -42.523
1512.5031, -42.502
1512.5244, -42.486
1512.5456, -42.467
1512.5669, -42.449
1512.5881, -42.430
1512.6094, -42.416
1512.6307, -42.400
1512.6519, -42.386
1512.6732, -42.364
1512.6944, -42.346
1512.7157, -42.331
1512.7369, -42.314
1512.7582, -42.301
1512.7794, -42.279
1512.8007, -42.265
1512.8220, -42.244
1512.8432, -42.231
1512.8645, -42.219
1512.8857, -42.195
1512.9070, -42.183
1512.9282, -42.165
1512.9495, -42.150
1512.9707, -42.133
1512.9920, -42.114
1513.0133, -42.099
1513.0345, -42.080
1513.0558, -42.063
1513.0770, -42.047
1513.0983, -42.027
1513.1195, -42.014
1513.1408, -41.995
1513.1620, -41.978
1513.1833, -41.961
1513.2046, -41.942
1513.2258, -41.926
1513.2471, -41.911
1513.2683, -41.893
1513.2896, -41.873
1513.3108, -41.860
1513.3321, -41.845
1513.3533, -41.825
1513.3746, -41.805
1513.3958, -41.785
1513.4171, -41.762
1513.4384, -41.747
1513.4596, -41.724
1513.4809, -41.708
1513.5021, -41.694
1513.5234, -41.670
1513.5446, -41.655
1513.5659, -41.631
1513.5871, -41.613
1513.6084, -41.595
1513.6297, -41.576
1513.6509, -41.558
1513.6722, -41.540
1513.6934, -41.524
1513.7147, -41.504
1513.7359, -41.489
1513.7572, -41.470
1513.7784, -41.448
1513.7997, -41.432
1513.8210, -41.415
1513.8422, -41.393
1513.8635, -41.376
1513.8847, -41.359
1513.9060, -41.340
1513.9272, -41.323
1513.9485, -41.302
1513.9697, -41.286
1513.9910, -41.265
1514.0123, -41.249
1514.0335, -41.229
1514.0548, -41.206
1514.0760, -41.192
1514.0973, -41.171
1514.1185, -41.156
1514.1398, -41.139
1514.1610, -41.117
1514.1823, -41.098
1514.2036, -41.076
1514.2248, -41.060
1514.2461, -41.045
1514.2673, -41.020
1514.2886, -41.006
1514.3098, -40.986
1514.3311, -40.970
1514.3523, -40.954
1514.3736, -40.934
1514.3948, -40.919
1514.4161, -40.896
1514.4374, -40.879
1514.4586, -40.862
1514.4799, -40.842
1514.5011, -40.823
1514.5224, -40.806
1514.5436, -40.785
1514.5649, -40.772
1514.5861, -40.748
1514.6074, -40.733
1514.6287, -40.715
1514.6499, -40.693
1514.6712, -40.674
1514.6924, -40.656
1514.7137, -40.635
1514.7349, -40.615
1514.7562, -40.591
1514.7774, -40.577
1514.7987, -40.555
1514.8200, -40.531
1514.8412, -40.509
1514.8625, -40.492
1514.8837, -40.470
1514.9050, -40.445
1514.9262, -40.428
1514.9475, -40.405
1514.9687, -40.382
1514.9900, -40.361
1515.0113, -40.345
1515.0325, -40.320
1515.0538, -40.299
1515.0750, -40.280
1515.0963, -40.257
1515.1175, -40.242
1515.1388, -40.215
1515.1600, -40.197
1515.1813, -40.179
1515.2026, -40.157
1515.2238, -40.135
1515.2451, -40.114
1515.2663, -40.091
1515.2876, -40.073
1515.3088, -40.054
1515.3301, -40.030
1515.3513, -40.012
1515.3726, -39.992
1515.3938, -39.968
1515.4151, -39.951
1515.4364, -39.932
1515.4576, -39.907
1515.4789, -39.886
1515.5001, -39.866
1515.5214, -39.843
1515.5426, -39.823
1515.5639, -39.803
1515.5851, -39.782
1515.6064, -39.764
1515.6277, -39.737
1515.6489, -39.717
1515.6702, -39.697
1515.6914, -39.676
1515.7127, -39.651
1515.7339, -39.630
1515.7552, -39.609
1515.7764, -39.591
1515.7977, -39.569
1515.8190, -39.550
1515.8402, -39.528
1515.8615, -39.504
1515.8827, -39.481
1515.9040, -39.458
1515.9252, -39.431
1515.9465, -39.416
1515.9677, -39.390
1515.9890, -39.369
1516.0103, -39.347
1516.0315, -39.323
1516.0528, -39.298
1516.0740, -39.277
1516.0953, -39.252
1516.1165, -39.232
1516.1378, -39.203
1516.1590, -39.183
1516.1803, -39.159
1516.2016, -39.134
1516.2228, -39.105
1516.2441, -39.087
1516.2653, -39.059
1516.2866, -39.034
1516.3078, -39.016
1516.3291, -38.989
1516.3503, -38.969
1516.3716, -38.941
1516.3928, -38.914
1516.4141, -38.892
1516.4354, -38.862
1516.4566, -38.837
1516.4779, -38.811
1516.4991, -38.785
1516.5204, -38.761
1516.5416, -38.734
1516.5629, -38.708
1516.5841, -38.684
1516.6054, -38.659
1516.6267, -38.633
1516.6479, -38.608
1516.6692, -38.581
1516.6904, -38.557
1516.7117, -38.532
1516.7329, -38.505
1516.7542, -38.482
1516.7754, -38.454
1516.7967, -38.431
1516.8180, -38.405
1516.8392, -38.378
1516.8605, -38.354
1516.8817, -38.332
1516.9030, -38.304
1516.9242, -38.278
1516.9455, -38.250
1516.9667, -38.227
1516.9880, -38.201
1517.0093, -38.178
1517.0305, -38.149
1517.0518, -38.125
1517.0730, -38.098
1517.0943, -38.074
1517.1155, -38.052
1517.1368, -38.029
1517.1580, -38.003
1517.1793, -37.975
1517.2006, -37.949
1517.2218, -37.920
1517.2431, -37.891
1517.2643, -37.868
1517.2856, -37.842
1517.3068, -37.814
1517.3281, -37.788
1517.3493, -37.760
1517.3706, -37.731
1517.3918, -37.702
1517.4131, -37.676
1517.4344, -37.648
1517.4556, -37.621
1517.4769, -37.588
1517.4981, -37.559
1517.5194, -37.527
1517.5406, -37.496
1517.5619, -37.470
1517.5831, -37.433
1517.6044, -37.407
1517.6257, -37.378
1517.6469, -37.348
1517.6682, -37.317
1517.6894, -37.286
1517.7107, -37.255
1517.7319, -37.221
1517.7532, -37.192
1517.7744, -37.163
1517.7957, -37.132
1517.8170, -37.104
1517.8382, -37.072
1517.8595, -37.040
1517.8807, -37.011
1517.9020, -36.983
1517.9232, -36.952
1517.9445, -36.922
1517.9657, -36.889
1517.9870, -36.855
1518.0083, -36.829
1518.0295, -36.793
1518.0508, -36.762
1518.0720, -36.730
1518.0933, -36.698
1518.1145, -36.665
1518.1358, -36.632
1518.1570, -36.600
1518.1783, -36.571
1518.1995, -36.538
1518.2208, -36.506
1518.2421, -36.471
1518.2633, -36.441
1518.2846, -36.406
1518.3058, -36.376
1518.3271, -36.343
1518.3483, -36.311
1518.3696, -36.280
1518.3908, -36.250
1518.4121, -36.217
1518.4334, -36.186
1518.4546, -36.154
1518.4759, -36.123
1518.4971, -36.090
1518.5184, -36.057
1518.5396, -36.027
1518.5609, -35.998
1518.5821, -35.965
1518.6034, -35.932
1518.6247, -35.902
1518.6459, -35.869
1518.6672, -35.836
1518.6884, -35.805
1518.7097, -35.775
1518.7309, -35.742
1518.7522, -35.709
1518.7734, -35.671
1518.7947, -35.635
1518.8160, -35.597
1518.8372, -35.563
1518.8585, -35.522
1518.8797, -35.486
1518.9010, -35.446
1518.9222, -35.408
1518.9435, -35.368
1518.9647, -35.330
1518.9860, -35.290
1519.0073, -35.247
1519.0285, -35.206
1519.0498, -35.167
1519.0710, -35.128
1519.0923, -35.087
1519.1135, -35.049
1519.1348, -35.009
1519.1560, -34.970
1519.1773, -34.928
1519.1985, -34.887
1519.2198, -34.848
1519.2411, -34.809
1519.2623, -34.771
1519.2836, -34.731
1519.3048, -34.692
1519.3261, -34.654
1519.3473, -34.610
1519.3686, -34.574
1519.3898, -34.535
1519.4111, -34.492
1519.4324, -34.457
1519.4536, -34.417
1519.4749, -34.378
1519.4961, -34.341
1519.5174, -34.299
1519.5386, -34.259
1519.5599, -34.221
1519.5811, -34.175
1519.6024, -34.138
1519.6237, -34.098
1519.6449, -34.048
1519.6662, -34.009
1519.6874, -33.969
1519.7087, -33.928
1519.7299, -33.888
1519.7512, -33.844
1519.7724, -33.803
1519.7937, -33.764
1519.8150, -33.722
1519.8362, -33.681
1519.8575, -33.640
1519.8787, -33.600
1519.9000, -33.560
1519.9212, -33.520
1519.9425, -33.479
1519.9637, -33.441
1519.9850, -33.399
1520.0063, -33.357
1520.0275, -33.316
1520.0488, -33.272
1520.0700, -33.235
1520.0913, -33.193
1520.1125, -33.150
1520.1338, -33.105
1520.1550, -33.060
1520.1763, -33.014
1520.1975, -32.965
1520.2188, -32.919
1520.2401, -32.873
1520.2613, -32.824
1520.2826, -32.774
1520.3038, -32.721
1520.3251, -32.672
1520.3463, -32.617
1520.3676, -32.565
1520.3888, -32.515
1520.4101, -32.463
1520.4314, -32.417
1520.4526, -32.363
1520.4739, -32.314
1520.4951, -32.259
1520.5164, -32.203
1520.5376, -32.154
1520.5589, -32.102
1520.5801, -32.054
1520.6014, -32.003
1520.6227, -31.953
1520.6439, -31.902
1520.6652, -31.849
1520.6864, -31.795
1520.7077, -31.740
1520.7289, -31.692
1520.7502, -31.640
1520.7714, -31.592
1520.7927, -31.539
1520.8140, -31.491
1520.8352, -31.441
1520.8565, -31.388
1520.8777, -31.336
1520.8990, -31.282
1520.9202, -31.234
1520.9415, -31.185
1520.9627, -31.134
1520.9840, -31.087
1521.0053, -31.036
1521.0265, -30.985
1521.0478, -30.937
1521.0690, -30.886
1521.0903, -30.836
1521.1115, -30.786
1521.1328, -30.737
1521.1540, -30.690
1521.1753, -30.641
1521.1965, -30.595
1521.2178, -30.545
1521.2391, -30.493
1521.2603, -30.445
1521.2816, -30.395
1521.3028, -30.347
1521.3241, -30.304
1521.3453, -30.252
1521.3666, -30.206
1521.3878, -30.158
1521.4091, -30.110
1521.4304, -30.059
1521.4516, -30.009
1521.4729, -29.957
1521.4941, -29.902
1521.5154, -29.844
1521.5366, -29.788
1521.5579, -29.730
1521.5791, -29.667
1521.6004, -29.604
1521.6217, -29.539
1521.6429, -29.472
1521.6642, -29.404
1521.6854, -29.338
1521.7067, -29.276
1521.7279, -29.211
1521.7492, -29.143
1521.7704, -29.077
1521.7917, -29.011
1521.8130, -28.942
1521.8342, -28.879
1521.8555, -28.816
1521.8767, -28.753
1521.8980, -28.694
1521.9192, -28.637
1521.9405, -28.573
1521.9617, -28.513
1521.9830, -28.447
1522.0043, -28.382
1522.0255, -28.321
1522.0468, -28.259
1522.0680, -28.201
1522.0893, -28.142
1522.1105, -28.083
1522.1318, -28.023
1522.1530, -27.961
1522.1743, -27.896
1522.1955, -27.834
1522.2168, -27.770
1522.2381, -27.712
1522.2593, -27.654
1522.2806, -27.595
1522.3018, -27.537
1522.3231, -27.474
1522.3443, -27.414
1522.3656, -27.350
1522.3868, -27.288
1522.4081, -27.227
1522.4294, -27.170
1522.4506, -27.114
1522.4719, -27.055
1522.4931, -26.994
1522.5144, -26.937
1522.5356, -26.880
1522.5569, -26.823
1522.5781, -26.766
1522.5994, -26.710
1522.6207, -26.658
1522.6419, -26.606
1522.6632, -26.555
1522.6844, -26.505
1522.7057, -26.454
1522.7269, -26.404
1522.7482, -26.356
1522.7694, -26.305
1522.7907, -26.255
1522.8120, -26.202
1522.8332, -26.150
1522.8545, -26.097
1522.8757, -26.039
1522.8970, -25.977
1522.9182, -25.908
1522.9395, -25.834
1522.9607, -25.758
1522.9820, -25.679
1523.0033, -25.595
1523.0245, -25.512
1523.0458, -25.425
1523.0670, -25.339
1523.0883, -25.251
1523.1095, -25.165
1523.1308, -25.076
1523.1520, -24.988
1523.1733, -24.905
1523.1945, -24.821
1523.2158, -24.746
1523.2371, -24.672
1523.2583, -24.594
1523.2796, -24.519
1523.3008, -24.439
1523.3221, -24.361
1523.3433, -24.279
1523.3646, -24.212
1523.3858, -24.142
1523.4071, -24.089
1523.4284, -24.013
1523.4496, -23.941
1523.4709, -23.867
1523.4921, -23.792
1523.5134, -23.715
1523.5346, -23.646
1523.5559, -23.581
1523.5771, -23.515
1523.5984, -23.456
1523.6197, -23.391
1523.6409, -23.321
1523.6622, -23.250
1523.6834, -23.177
1523.7047, -23.110
1523.7259, -23.038
1523.7472, -22.973
1523.7684, -22.910
1523.7897, -22.847
1523.8110, -22.781
1523.8322, -22.714
1523.8535, -22.644
1523.8747, -22.578
1523.8960, -22.514
1523.9172, -22.456
1523.9385, -22.403
1523.9597, -22.346
1523.9810, -22.289
1524.0023, -22.239
1524.0235, -22.188
1524.0448, -22.138
1524.0660, -22.095
1524.0873, -22.051
1524.1085, -22.012
1524.1298, -21.973
1524.1510, -21.933
1524.1723, -21.893
1524.1935, -21.851
1524.2148, -21.802
1524.2361, -21.751
1524.2573, -21.689
1524.2786, -21.616
1524.2998, -21.542
1524.3211, -21.458
1524.3423, -21.370
1524.3636, -21.272
1524.3848, -21.175
1524.4061, -21.068
1524.4274, -20.956
1524.4486, -20.838
1524.4699, -20.727
1524.4911, -20.622
1524.5124, -20.527
1524.5336, -20.429
1524.5549, -20.341
1524.5761, -20.251
1524.5974, -20.154
1524.6187, -20.059
1524.6399, -19.963
1524.6612, -19.873
1524.6824, -19.788
1524.7037, -19.716
1524.7249, -19.646
1524.7462, -19.576
1524.7674, -19.503
1524.7887, -19.424
1524.8100, -19.343
1524.8312, -19.256
1524.8525, -19.175
1524.8737, -19.104
1524.8950, -19.043
1524.9162, -18.983
1524.9375, -18.916
1524.9587, -18.848
1524.9800, -18.773
1525.0013, -18.693
1525.0225, -18.619
1525.0438, -18.550
1525.0650, -18.487
1525.0863, -18.431
1525.1075, -18.374
1525.1288, -18.315
1525.1500, -18.253
1525.1713, -18.186
1525.1925, -18.123
1525.2138, -18.064
1525.2351, -18.012
1525.2563, -17.965
1525.2776, -17.921
1525.2988, -17.879
1525.3201, -17.836
1525.3413, -17.791
1525.3626, -17.751
1525.3838, -17.720
1525.4051, -17.698
1525.4264, -17.681
1525.4476, -17.662
1525.4689, -17.648
1525.4901, -17.635
1525.5114, -17.626
1525.5326, -17.619
1525.5539, -17.611
1525.5751, -17.603
1525.5964, -17.587
1525.6177, -17.558
1525.6389, -17.518
1525.6602, -17.463
1525.6814, -17.399
1525.7027, -17.317
1525.7239, -17.223
1525.7452, -17.118
1525.7664, -16.999
1525.7877, -16.876
1525.8090, -16.756
1525.8302, -16.653
1525.8515, -16.555
1525.8727, -16.462
1525.8940, -16.363
1525.9152, -16.252
1525.9365, -16.151
1525.9577, -16.055
1525.9790, -15.963
1526.0003, -15.889
1526.0215, -15.825
1526.0428, -15.767
1526.0640, -15.711
1526.0853, -15.645
1526.1065, -15.579
1526.1278, -15.506
1526.1490, -15.434
1526.1703, -15.369
1526.1915, -15.307
1526.2128, -15.256
1526.2341, -15.214
1526.2553, -15.168
1526.2766, -15.115
1526.2978, -15.057
1526.3191, -14.992
1526.3403, -14.923
1526.3616, -14.860
1526.3828, -14.804
1526.4041, -14.761
1526.4254, -14.724
1526.4466, -14.685
1526.4679, -14.644
1526.4891, -14.593
1526.5104, -14.546
1526.5316, -14.498
1526.5529, -14.457
1526.5741, -14.426
1526.5954, -14.403
1526.6167, -14.381
1526.6379, -14.359
1526.6592, -14.334
1526.6804, -14.312
1526.7017, -14.298
1526.7229, -14.290
1526.7442, -14.294
1526.7654, -14.303
1526.7867, -14.317
1526.8080, -14.332
1526.8292, -14.348
1526.8505, -14.370
1526.8717, -14.403
1526.8930, -14.440
1526.9142, -14.486
1526.9355, -14.528
1526.9567, -14.561
1526.9780, -14.584
1526.9992, -14.591
1527.0205, -14.587
1527.0418, -14.570
1527.0630, -14.537
1527.0843, -14.485
1527.1055, -14.415
1527.1268, -14.332
1527.1480, -14.243
1527.1693, -14.147
1527.1905, -14.049
1527.2118, -13.959
1527.2331, -13.864
1527.2543, -13.767
1527.2756, -13.672
1527.2968, -13.587
1527.3181, -13.516
1527.3393, -13.463
1527.3606, -13.416
1527.3818, -13.371
1527.4031, -13.324
1527.4244, -13.270
1527.4456, -13.206
1527.4669, -13.146
1527.4881, -13.091
1527.5094, -13.053
1527.5306, -13.023
1527.5519, -12.999
1527.5731, -12.969
1527.5944, -12.936
1527.6157, -12.887
1527.6369, -12.834
1527.6582, -12.784
1527.6794, -12.738
1527.7007, -12.705
1527.7219, -12.677
1527.7432, -12.652
1527.7644, -12.626
1527.7857, -12.600
1527.8070, -12.566
1527.8282, -12.533
1527.8495, -12.492
1527.8707, -12.461
1527.8920, -12.439
1527.9132, -12.425
1527.9345, -12.419
1527.9557, -12.414
1527.9770, -12.411
1527.9982, -12.402
1528.0195, -12.392
1528.0408, -12.389
1528.0620, -12.398
1528.0833, -12.417
1528.1045, -12.444
1528.1258, -12.474
1528.1470, -12.508
1528.1683, -12.545
1528.1895, -12.588
1528.2108, -12.636
1528.2321, -12.698
1528.2533, -12.763
1528.2746, -12.839
1528.2958, -12.910
1528.3171, -12.974
1528.3383, -13.026
1528.3596, -13.072
1528.3808, -13.112
1528.4021, -13.143
1528.4234, -13.160
1528.4446, -13.165
1528.4659, -13.143
1528.4871, -13.102
1528.5084, -13.045
1528.5296, -12.984
1528.5509, -12.915
1528.5721, -12.839
1528.5934, -12.760
1528.6147, -12.679
1528.6359, -12.605
1528.6572, -12.534
1528.6784, -12.474
1528.6997, -12.422
1528.7209, -12.381
1528.7422, -12.333
1528.7634, -12.281
1528.7847, -12.226
1528.8060, -12.172
1528.8272, -12.126
1528.8485, -12.084
1528.8697, -12.057
1528.8910, -12.037
1528.9122, -12.014
1528.9335, -11.983
1528.9547, -11.939
1528.9760, -11.891
1528.9972, -11.848
1529.0185, -11.816
1529.0398, -11.793
1529.0610, -11.778
1529.0823, -11.761
1529.1035, -11.743
1529.1248, -11.716
1529.1460, -11.686
1529.1673, -11.658
1529.1885, -11.636
1529.2098, -11.621
1529.2311, -11.617
1529.2523, -11.611
1529.2736, -11.614
1529.2948, -11.611
1529.3161, -11.609
1529.3373, -11.607
1529.3586, -11.606
1529.3798, -11.614
1529.4011, -11.629
1529.4224, -11.655
1529.4436, -11.688
1529.4649, -11.720
1529.4861, -11.759
1529.5074, -11.802
1529.5286, -11.847
1529.5499, -11.901
1529.5711, -11.964
1529.5924, -12.033
1529.6137, -12.118
1529.6349, -12.203
1529.6562, -12.286
1529.6774, -12.367
1529.6987, -12.442
1529.7199, -12.523
1529.7412, -12.593
1529.7624, -12.656
1529.7837, -12.709
1529.8050, -12.749
1529.8262, -12.773
1529.8475, -12.774
1529.8687, -12.757
1529.8900, -12.721
1529.9112, -12.672
1529.9325, -12.616
1529.9537, -12.553
1529.9750, -12.493
1529.9962, -12.440
1530.0175, -12.385
1530.0388, -12.329
1530.0600, -12.278
1530.0813, -12.228
1530.1025, -12.182
1530.1238, -12.131
1530.1450, -12.082
1530.1663, -12.039
1530.1875, -12.004
1530.2088, -11.979
1530.2301, -11.955
1530.2513, -11.933
1530.2726, -11.902
1530.2938, -11.866
1530.3151, -11.825
1530.3363, -11.783
1530.3576, -11.755
1530.3788, -11.739
1530.4001, -11.728
1530.4214, -11.723
1530.4426, -11.712
1530.4639, -11.695
1530.4851, -11.676
1530.5064, -11.660
1530.5276, -11.647
1530.5489, -11.644
1530.5701, -11.651
1530.5914, -11.658
1530.6127, -11.666
1530.6339, -11.669
1530.6552, -11.677
1530.6764, -11.688
1530.6977, -11.703
1530.7189, -11.726
1530.7402, -11.760
1530.7614, -11.791
1530.7827, -11.828
1530.8040, -11.865
1530.8252, -11.907
1530.8465, -11.952
1530.8677, -12.006
1530.8890, -12.065
1530.9102, -12.135
1530.9315, -12.209
1530.9527, -12.287
1530.9740, -12.366
1530.9952, -12.439
1531.0165, -12.522
1531.0378, -12.609
1531.0590, -12.703
1531.0803, -12.795
1531.1015, -12.891
1531.1228, -12.986
1531.1440, -13.073
1531.1653, -13.148
1531.1865, -13.206
1531.2078, -13.249
1531.2291, -13.275
1531.2503, -13.284
1531.2716, -13.275
1531.2928, -13.260
1531.3141, -13.238
1531.3353, -13.208
1531.3566, -13.167
1531.3778, -13.127
1531.3991, -13.077
1531.4204, -13.028
1531.4416, -12.974
1531.4629, -12.926
1531.4841, -12.890
1531.5054, -12.859
1531.5266, -12.835
1531.5479, -12.813
1531.5691, -12.793
1531.5904, -12.776
1531.6117, -12.754
1531.6329, -12.732
1531.6542, -12.711
1531.6754, -12.691
1531.6967, -12.678
1531.7179, -12.675
1531.7392, -12.679
1531.7604, -12.690
1531.7817, -12.697
1531.8030, -12.706
1531.8242, -12.706
1531.8455, -12.708
1531.8667, -12.716
1531.8880, -12.724
1531.9092, -12.746
1531.9305, -12.774
1531.9517, -12.804
1531.9730, -12.835
1531.9942, -12.863
1532.0155, -12.886
1532.0368, -12.918
1532.0580, -12.954
1532.0793, -13.000
1532.1005, -13.048
1532.1218, -13.096
1532.1430, -13.145
1532.1643, -13.198
1532.1855, -13.255
1532.2068, -13.321
1532.2281, -13.389
1532.2493, -13.464
1532.2706, -13.538
1532.2918, -13.610
1532.3131, -13.684
1532.3343, -13.758
1532.3556, -13.837
1532.3768, -13.920
1532.3981, -14.005
1532.4194, -14.100
1532.4406, -14.198
1532.4619, -14.290
1532.4831, -14.378
1532.5044, -14.461
1532.5256, -14.540
1532.5469, -14.621
1532.5681, -14.686
1532.5894, -14.748
1532.6107, -14.796
1532.6319, -14.835
1532.6532, -14.869
1532.6744, -14.886
1532.6957, -14.895
1532.7169, -14.890
1532.7382, -14.874
1532.7594, -14.854
1532.7807, -14.827
1532.8020, -14.801
1532.8232, -14.784
1532.8445, -14.769
1532.8657, -14.767
1532.8870, -14.763
1532.9082, -14.760
1532.9295, -14.753
1532.9507, -14.744
1532.9720, -14.738
1532.9932, -14.735
1533.0145, -14.739
1533.0358, -14.752
1533.0570, -14.776
1533.0783, -14.801
1533.0995, -14.829
1533.1208, -14.851
1533.1420, -14.874
1533.1633, -14.898
1533.1845, -14.917
1533.2058, -14.944
1533.2271, -14.977
1533.2483, -15.011
1533.2696, -15.057
1533.2908, -15.102
1533.3121, -15.146
1533.3333, -15.191
1533.3546, -15.231
1533.3758, -15.274
1533.3971, -15.318
1533.4184, -15.365
1533.4396, -15.420
1533.4609, -15.475
1533.4821, -15.535
1533.5034, -15.599
1533.5246, -15.663
1533.5459, -15.726
1533.5671, -15.791
1533.5884, -15.854
1533.6097, -15.928
1533.6309, -15.998
1533.6522, -16.064
1533.6734, -16.136
1533.6947, -16.208
1533.7159, -16.280
1533.7372, -16.361
1533.7584, -16.441
1533.7797, -16.521
1533.8010, -16.605
1533.8222, -16.679
1533.8435, -16.755
1533.8647, -16.824
1533.8860, -16.897
1533.9072, -16.969
1533.9285, -17.040
1533.9497, -17.113
1533.9710, -17.178
1533.9922, -17.236
1534.0135, -17.280
1534.0348, -17.317
1534.0560, -17.348
1534.0773, -17.373
1534.0985, -17.393
1534.1198, -17.413
1534.1410, -17.425
1534.1623, -17.434
1534.1835, -17.446
1534.2048, -17.455
1534.2261, -17.467
1534.2473, -17.480
1534.2686, -17.489
1534.2898, -17.500
1534.3111, -17.512
1534.3323, -17.526
1534.3536, -17.548
1534.3748, -17.571
1534.3961, -17.600
1534.4174, -17.633
1534.4386, -17.662
1534.4599, -17.694
1534.4811, -17.724
1534.5024, -17.753
1534.5236, -17.789
1534.5449, -17.828
1534.5661, -17.871
1534.5874, -17.918
1534.6087, -17.965
1534.6299, -18.007
1534.6512, -18.049
1534.6724, -18.093
1534.6937, -18.138
1534.7149, -18.181
1534.7362, -18.225
1534.7574, -18.273
1534.7787, -18.321
1534.7999, -18.371
1534.8212, -18.424
1534.8425, -18.476
1534.8637, -18.528
1534.8850, -18.578
1534.9062, -18.631
1534.9275, -18.683
1534.9487, -18.734
1534.9700, -18.787
1534.9912, -18.843
1535.0125, -18.894
1535.0338, -18.951
1535.0550, -19.002
1535.0763, -19.060
1535.0975, -19.118
1535.1188, -19.172
1535.1400, -19.228
1535.1613, -19.280
1535.1825, -19.335
1535.2038, -19.387
1535.2251, -19.441
1535.2463, -19.498
1535.2676, -19.554
1535.2888, -19.608
1535.3101, -19.661
1535.3313, -19.713
1535.3526, -19.761
1535.3738, -19.807
1535.3951, -19.849
1535.4164, -19.889
1535.4376, -19.920
1535.4589, -19.950
1535.4801, -19.978
1535.5014, -20.004
1535.5226, -20.023
1535.5439, -20.042
1535.5651, -20.057
1535.5864, -20.074
1535.6077, -20.086
1535.6289, -20.100
1535.6502, -20.114
1535.6714, -20.130
1535.6927, -20.144
1535.7139, -20.164
1535.7352, -20.183
1535.7564, -20.208
1535.7777, -20.230
1535.7989, -20.257
1535.8202, -20.282
1535.8415, -20.306
1535.8627, -20.332
1535.8840, -20.358
1535.9052, -20.387
1535.9265, -20.420
1535.9477, -20.454
1535.9690, -20.485
1535.9902, -20.517
1536.0115, -20.547
1536.0328, -20.581
1536.0540, -20.614
1536.0753, -20.646
1536.0965, -20.679
1536.1178, -20.712
1536.1390, -20.748
1536.1603, -20.782
1536.1815, -20.814
1536.2028, -20.847
1536.2241, -20.883
1536.2453, -20.917
1536.2666, -20.952
1536.2878, -20.984
1536.3091, -21.013
1536.3303, -21.047
1536.3516, -21.080
1536.3728, -21.112
1536.3941, -21.145
1536.4154, -21.178
1536.4366, -21.210
1536.4579, -21.241
1536.4791, -21.273
1536.5004, -21.303
1536.5216, -21.334
1536.5429, -21.363
1536.5641, -21.395
1536.5854, -21.422
1536.6067, -21.454
1536.6279, -21.484
1536.6492, -21.515
1536.6704, -21.549
1536.6917, -21.581
1536.7129, -21.610
1536.7342, -21.637
1536.7554, -21.665
1536.7767, -21.692
1536.7979, -21.715
1536.8192, -21.736
1536.8405, -21.755
1536.8617, -21.772
1536.8830, -21.788
1536.9042, -21.800
1536.9255, -21.808
1536.9467, -21.813
1536.9680, -21.820
1536.9892, -21.826
1537.0105, -21.831
1537.0318, -21.836
1537.0530, -21.838
1537.0743, -21.847
1537.0955, -21.854
1537.1168, -21.863
1537.1380, -21.872
1537.1593, -21.881
1537.1805, -21.892
1537.2018, -21.900
1537.2231, -21.911
1537.2443, -21.925
1537.2656, -21.937
1537.2868, -21.953
1537.3081, -21.968
1537.3293, -21.984
1537.3506, -21.998
1537.3718, -22.012
1537.3931, -22.027
1537.4144, -22.042
1537.4356, -22.056
1537.4569, -22.072
1537.4781, -22.083
1537.4994, -22.099
1537.5206, -22.116
1537.5419, -22.131
1537.5631, -22.147
1537.5844, -22.162
1537.6057, -22.177
1537.6269, -22.192
1537.6482, -22.204
1537.6694, -22.217
1537.6907, -22.230
1537.7119, -22.242
1537.7332, -22.258
1537.7544, -22.270
1537.7757, -22.285
1537.7969, -22.299
1537.8182, -22.311
1537.8395, -22.325
1537.8607, -22.333
1537.8820, -22.341
1537.9032, -22.354
1537.9245, -22.366
1537.9457, -22.375
1537.9670, -22.387
1537.9882, -22.399
1538.0095, -22.416
1538.0308, -22.426
1538.0520, -22.438
1538.0733, -22.449
1538.0945, -22.459
1538.1158, -22.471
1538.1370, -22.480
1538.1583, -22.490
1538.1795, -22.501
1538.2008, -22.511
1538.2221, -22.519
1538.2433, -22.524
1538.2646, -22.525
1538.2858, -22.528
1538.3071, -22.523
1538.3283, -22.518
1538.3496, -22.516
1538.3708, -22.507
1538.3921, -22.503
1538.4134, -22.494
1538.4346, -22.492
1538.4559, -22.488
1538.4771, -22.483
1538.4984, -22.481
1538.5196, -22.476
1538.5409, -22.473
1538.5621, -22.469
1538.5834, -22.468
1538.6047, -22.467
1538.6259, -22.471
1538.6472, -22.470
1538.6684, -22.474
1538.6897, -22.478
1538.7109, -22.478
1538.7322, -22.482
1538.7534, -22.484
1538.7747, -22.482
1538.7959, -22.487
1538.8172, -22.487
1538.8385, -22.493
1538.8597, -22.493
1538.8810, -22.496
1538.9022, -22.499
1538.9235, -22.500
1538.9447, -22.499
1538.9660, -22.504
1538.9872, -22.503
1539.0085, -22.505
1539.0298, -22.504
1539.0510, -22.503
1539.0723, -22.507
1539.0935, -22.510
1539.1148, -22.512
1539.1360, -22.511
1539.1573, -22.512
1539.1785, -22.511
1539.1998, -22.510
1539.2211, -22.508
1539.2423, -22.509
1539.2636, -22.508
1539.2848, -22.509
1539.3061, -22.511
1539.3273, -22.512
1539.3486, -22.513
1539.3698, -22.514
1539.3911, -22.515
1539.4124, -22.515
1539.4336, -22.514
1539.4549, -22.515
1539.4761, -22.519
1539.4974, -22.520
1539.5186, -22.522
1539.5399, -22.526
1539.5611, -22.529
1539.5824, -22.530
1539.6037, -22.529
1539.6249, -22.527
1539.6462, -22.524
1539.6674, -22.517
1539.6887, -22.509
1539.7099, -22.501
1539.7312, -22.494
1539.7524, -22.486
1539.7737, -22.476
1539.7949, -22.469
1539.8162, -22.457
1539.8375, -22.446
1539.8587, -22.437
1539.8800, -22.426
1539.9012, -22.418
1539.9225, -22.409
1539.9437, -22.405
1539.9650, -22.399
1539.9862, -22.395
1540.0075, -22.390
1540.0288, -22.387
1540.0500, -22.383
1540.0713, -22.378
1540.0925, -22.375
1540.1138, -22.371
1540.1350, -22.370
1540.1563, -22.365
1540.1775, -22.363
1540.1988, -22.362
1540.2201, -22.360
1540.2413, -22.357
1540.2626, -22.355
1540.2838, -22.348
1540.3051, -22.344
1540.3263, -22.341
1540.3476, -22.337
1540.3688, -22.333
1540.3901, -22.330
1540.4114, -22.326
1540.4326, -22.323
1540.4539, -22.322
1540.4751, -22.318
1540.4964, -22.311
1540.5176, -22.307
1540.5389, -22.302
1540.5601, -22.295
1540.5814, -22.292
1540.6027, -22.284
1540.6239, -22.282
1540.6452, -22.281
1540.6664, -22.276
1540.6877, -22.272
1540.7089, -22.267
1540.7302, -22.261
1540.7514, -22.257
1540.7727, -22.251
1540.7939, -22.249
1540.8152, -22.249
1540.8365, -22.247
1540.8577, -22.249
1540.8790, -22.247
1540.9002, -22.246
1540.9215, -22.245
1540.9427, -22.242
1540.9640, -22.239
1540.9852, -22.237
1541.0065, -22.234
1541.0278, -22.230
1541.0490, -22.227
1541.0703, -22.224
1541.0915, -22.219
1541.1128, -22.214
1541.1340, -22.206
1541.1553, -22.199
1541.1765, -22.189
1541.1978, -22.179
1541.2191, -22.169
1541.2403, -22.163
1541.2616, -22.157
1541.2828, -22.150
1541.3041, -22.147
1541.3253, -22.140
1541.3466, -22.136
1541.3678, -22.132
1541.3891, -22.129
1541.4104, -22.124
1541.4316, -22.119
1541.4529, -22.115
1541.4741, -22.111
1541.4954, -22.107
1541.5166, -22.107
1541.5379, -22.102
1541.5591, -22.103
1541.5804, -22.099
1541.6017, -22.096
1541.6229, -22.095
1541.6442, -22.088
1541.6654, -22.084
1541.6867, -22.080
1541.7079, -22.075
1541.7292, -22.074
1541.7504, -22.068
1541.7717, -22.067
1541.7929, -22.061
1541.8142, -22.057
1541.8355, -22.056
1541.8567, -22.049
1541.8780, -22.043
1541.8992, -22.040
1541.9205, -22.035
1541.9417, -22.033
1541.9630, -22.031
1541.9842, -22.026
1542.0055, -22.024
1542.0268, -22.018
1542.0480, -22.014
1542.0693, -22.011
1542.0905, -22.005
1542.1118, -22.001
1542.1330, -21.999
1542.1543, -21.997
1542.1755, -21.999
1542.1968, -21.994
1542.2181, -21.997
1542.2393, -21.996
1542.2606, -21.993
1542.2818, -21.994
1542.3031, -21.992
1542.3243, -21.994
1542.3456, -21.996
1542.3668, -21.998
1542.3881, -21.998
1542.4094, -22.000
1542.4306, -22.000
1542.4519, -22.001
1542.4731, -22.001
1542.4944, -21.999
1542.5156, -21.996
1542.5369, -21.993
1542.5581, -21.991
1542.5794, -21.987
1542.6007, -21.986
1542.6219, -21.981
1542.6432, -21.976
1542.6644, -21.978
1542.6857, -21.975
1542.7069, -21.976
1542.7282, -21.975
1542.7494, -21.971
1542.7707, -21.970
1542.7919, -21.967
1542.8132, -21.968
1542.8345, -21.968
1542.8557, -21.966
1542.8770, -21.967
1542.8982, -21.965
1542.9195, -21.965
1542.9407, -21.965
1542.9620, -21.966
1542.9832, -21.966
1543.0045, -21.963
1543.0258, -21.960
1543.0470, -21.959
1543.0683, -21.956
1543.0895, -21.957
1543.1108, -21.955
1543.1320, -21.953
1543.1533, -21.953
1543.1745, -21.953
1543.1958, -21.954
1543.2171, -21.949
1543.2383, -21.948
1543.2596, -21.944
1543.2808, -21.944
1543.3021, -21.941
1543.3233, -21.940
1543.3446, -21.938
1543.3658, -21.941
1543.3871, -21.941
1543.4084, -21.939
1543.4296, -21.937
1543.4509, -21.936
1543.4721, -21.937
1543.4934, -21.937
1543.5146, -21.936
1543.5359, -21.937
1543.5571, -21.940
1543.5784, -21.943
1543.5996, -21.947
1543.6209, -21.948
1543.6422, -21.952
1543.6634, -21.956
1543.6847, -21.957
1543.7059, -21.962
1543.7272, -21.966
1543.7484, -21.970
1543.7697, -21.973
1543.7909, -21.979
1543.8122, -21.985
1543.8335, -21.991
1543.8547, -21.994
1543.8760, -21.998
1543.8972, -21.998
1543.9185, -22.003
1543.9397, -22.001
1543.9610, -22.004
1543.9822, -22.006
1544.0035, -22.003
1544.0248, -22.005
1544.0460, -22.010
1544.0673, -22.012
1544.0885, -22.013
1544.1098, -22.014
1544.1310, -22.018
1544.1523, -22.017
1544.1735, -22.017
1544.1948, -22.017
1544.2161, -22.021
1544.2373, -22.024
1544.2586, -22.029
1544.2798, -22.029
1544.3011, -22.033
1544.3223, -22.035
1544.3436, -22.034
1544.3648, -22.037
1544.3861, -22.035
1544.4074, -22.036
1544.4286, -22.036
1544.4499, -22.037
1544.4711, -22.042
1544.4924, -22.045
1544.5136, -22.045
1544.5349, -22.046
1544.5561, -22.049
1544.5774, -22.048
1544.5986, -22.050
1544.6199, -22.050
1544.6412, -22.051
1544.6624, -22.051
1544.6837, -22.055
1544.7049, -22.057
1544.7262, -22.060
1544.7474, -22.064
1544.7687, -22.064
1544.7899, -22.068
1544.8112, -22.066
1544.8325, -22.066
1544.8537, -22.071
1544.8750, -22.073
1544.8962, -22.079
1544.9175, -22.084
1544.9387, -22.089
1544.9600, -22.095
1544.9812, -22.099
1545.0025, -22.102
1545.0238, -22.106
1545.0450, -22.111
1545.0663, -22.115
1545.0875, -22.121
1545.1088, -22.125
1545.1300, -22.136
1545.1513, -22.145
1545.1725, -22.151
1545.1938, -22.159
1545.2151, -22.165
1545.2363, -22.171
1545.2576, -22.176
1545.2788, -22.180
1545.3001, -22.184
1545.3213, -22.187
1545.3426, -22.189
1545.3638, -22.196
1545.3851, -22.203
1545.4064, -22.209
1545.4276, -22.215
1545.4489, -22.215
1545.4701, -22.218
1545.4914, -22.222
1545.5126, -22.225
1545.5339, -22.228
1545.5551, -22.230
1545.5764, -22.236
1545.5976, -22.240
1545.6189, -22.245
1545.6402, -22.250
1545.6614, -22.251
1545.6827, -22.255
1545.7039, -22.254
1545.7252, -22.256
1545.7464, -22.259
1545.7677, -22.261
1545.7889, -22.265
1545.8102, -22.267
1545.8315, -22.271
1545.8527, -22.277
1545.8740, -22.276
1545.8952, -22.279
1545.9165, -22.283
1545.9377, -22.283
1545.9590, -22.286
1545.9802, -22.288
1546.0015, -22.292
1546.0228, -22.295
1546.0440, -22.300
1546.0653, -22.307
1546.0865, -22.307
1546.1078, -22.312
1546.1290, -22.314
1546.1503, -22.315
1546.1715, -22.319
1546.1928, -22.319
1546.2141, -22.325
1546.2353, -22.331
1546.2566, -22.340
1546.2778, -22.345
1546.2991, -22.352
1546.3203, -22.357
1546.3416, -22.361
1546.3628, -22.366
1546.3841, -22.370
1546.4054, -22.375
1546.4266, -22.379
1546.4479, -22.385
1546.4691, -22.393
1546.4904, -22.401
1546.5116, -22.409
1546.5329, -22.415
1546.5541, -22.423
1546.5754, -22.428
1546.5966, -22.431
1546.6179, -22.438
1546.6392, -22.446
1546.6604, -22.453
1546.6817, -22.454
1546.7029, -22.463
1546.7242, -22.471
1546.7454, -22.476
1546.7667, -22.483
1546.7879, -22.489
1546.8092, -22.492
1546.8305, -22.493
1546.8517, -22.497
1546.8730, -22.499
1546.8942, -22.507
1546.9155, -22.510
1546.9367, -22.513
1546.9580, -22.521
1546.9792, -22.526
1547.0005, -22.530
1547.0218, -22.531
1547.0430, -22.534
1547.0643, -22.535
1547.0855, -22.538
1547.1068, -22.543
1547.1280, -22.546
1547.1493, -22.549
1547.1705, -22.555
1547.1918, -22.560
1547.2131, -22.564
1547.2343, -22.569
1547.2556, -22.569
1547.2768, -22.572
1547.2981, -22.575
1547.3193, -22.577
1547.3406, -22.582
1547.3618, -22.584
1547.3831, -22.589
1547.4044, -22.594
1547.4256, -22.599
1547.4469, -22.603
1547.4681, -22.607
1547.4894, -22.609
1547.5106, -22.613
1547.5319, -22.614
1547.5531, -22.621
1547.5744, -22.626
1547.5956, -22.631
1547.6169, -22.636
1547.6382, -22.639
1547.6594, -22.647
1547.6807, -22.650
1547.7019, -22.656
1547.7232, -22.657
1547.7444, -22.660
1547.7657, -22.666
1547.7869, -22.670
1547.8082, -22.677
1547.8295, -22.682
1547.8507, -22.688
1547.8720, -22.691
1547.8932, -22.699
1547.9145, -22.705
1547.9357, -22.710
1547.9570, -22.712
1547.9782, -22.718
1547.9995, -22.724
1548.0208, -22.729
1548.0420, -22.735
1548.0633, -22.738
1548.0845, -22.745
1548.1058, -22.751
1548.1270, -22.755
1548.1483, -22.761
1548.1695, -22.764
1548.1908, -22.768
1548.2121, -22.772
1548.2333, -22.773
1548.2546, -22.780
1548.2758, -22.783
1548.2971, -22.789
1548.3183, -22.793
1548.3396, -22.795
1548.3608, -22.799
1548.3821, -22.801
1548.4034, -22.804
1548.4246, -22.809
1548.4459, -22.809
1548.4671, -22.814
1548.4884, -22.818
1548.5096, -22.817
1548.5309, -22.824
1548.5521, -22.827
1548.5734, -22.830
1548.5946, -22.835
1548.6159, -22.838
1548.6372, -22.841
1548.6584, -22.843
1548.6797, -22.845
1548.7009, -22.848
1548.7222, -22.849
1548.7434, -22.853
1548.7647, -22.859
1548.7859, -22.862
1548.8072, -22.867
1548.8285, -22.867
1548.8497, -22.873
1548.8710, -22.873
1548.8922, -22.877
1548.9135, -22.880
1548.9347, -22.881
1548.9560, -22.888
1548.9772, -22.890
1548.9985, -22.894
1549.0198, -22.897
1549.0410, -22.900
1549.0623, -22.905
1549.0835, -22.908
1549.1048, -22.911
1549.1260, -22.914
1549.1473, -22.918
1549.1685, -22.923
1549.1898, -22.925
1549.2111, -22.928
1549.2323, -22.933
1549.2536, -22.935
1549.2748, -22.942
1549.2961, -22.942
1549.3173, -22.946
1549.3386, -22.950
1549.3598, -22.953
1549.3811, -22.957
1549.4024, -22.961
1549.4236, -22.966
1549.4449, -22.973
1549.4661, -22.973
1549.4874, -22.978
1549.5086, -22.980
1549.5299, -22.982
1549.5511, -22.986
1549.5724, -22.990
1549.5936, -22.993
1549.6149, -22.995
1549.6362, -22.997
1549.6574, -23.002
1549.6787, -23.002
1549.6999, -23.005
1549.7212, -23.010
1549.7424, -23.010
1549.7637, -23.014
1549.7849, -23.015
1549.8062, -23.016
1549.8275, -23.021
1549.8487, -23.022
1549.8700, -23.024
1549.8912, -23.026
1549.9125, -23.031
1549.9337, -23.034
1549.9550, -23.033
1549.9762, -23.037
1549.9975, -23.038
1550.0188, -23.039
1550.0400, -23.041
1550.0613, -23.042
1550.0825, -23.045
1550.1038, -23.047
1550.1250, -23.050
1550.1463, -23.053
1550.1675, -23.057
1550.1888, -23.058
1550.2101, -23.061
1550.2313, -23.060
1550.2526, -23.064
1550.2738, -23.063
1550.2951, -23.067
1550.3163, -23.070
1550.3376, -23.071
1550.3588, -23.075
1550.3801, -23.077
1550.4014, -23.080
1550.4226, -23.083
1550.4439, -23.083
1550.4651, -23.086
1550.4864, -23.084
1550.5076, -23.086
1550.5289, -23.087
1550.5501, -23.091
1550.5714, -23.094
1550.5926, -23.096
1550.6139, -23.097
1550.6352, -23.099
1550.6564, -23.103
1550.6777, -23.104
1550.6989, -23.103
1550.7202, -23.107
1550.7414, -23.107
1550.7627, -23.109
1550.7839, -23.113
1550.8052, -23.115
1550.8265, -23.117
1550.8477, -23.121
1550.8690, -23.122
1550.8902, -23.126
1550.9115, -23.124
1550.9327, -23.125
1550.9540, -23.127
1550.9752, -23.129
1550.9965, -23.132
1551.0178, -23.133
1551.0390, -23.135
1551.0603, -23.139
1551.0815, -23.138
1551.1028, -23.140
1551.1240, -23.141
1551.1453, -23.142
1551.1665, -23.144
1551.1878, -23.144
1551.2091, -23.146
1551.2303, -23.147
1551.2516, -23.148
1551.2728, -23.153
1551.2941, -23.154
1551.3153, -23.155
1551.3366, -23.155
1551.3578, -23.156
1551.3791, -23.157
1551.4004, -23.157
1551.4216, -23.157
1551.4429, -23.158
1551.4641, -23.158
1551.4854, -23.162
1551.5066, -23.161
1551.5279, -23.165
1551.5491, -23.165
1551.5704, -23.164
1551.5916, -23.164
1551.6129, -23.164
1551.6342, -23.165
1551.6554, -23.165
1551.6767, -23.167
1551.6979, -23.169
1551.7192, -23.169
1551.7404, -23.170
1551.7617, -23.171
1551.7829, -23.171
1551.8042, -23.173
1551.8255, -23.171
1551.8467, -23.171
1551.8680, -23.170
1551.8892, -23.169
1551.9105, -23.173
1551.9317, -23.172
1551.9530, -23.175
1551.9742, -23.176
1551.9955, -23.177
1552.0168, -23.178
1552.0380, -23.179
1552.0593, -23.179
1552.0805, -23.177
1552.1018, -23.179
1552.1230, -23.179
1552.1443, -23.181
1552.1655, -23.186
1552.1868, -23.187
1552.2081, -23.189
1552.2293, -23.192
1552.2506, -23.190
1552.2718, -23.193
1552.2931, -23.192
1552.3143, -23.191
1552.3356, -23.195
1552.3568, -23.195
1552.3781, -23.198
1552.3993, -23.198
1552.4206, -23.200
1552.4419, -23.202
1552.4631, -23.203
1552.4844, -23.202
1552.5056, -23.200
1552.5269, -23.199
1552.5481, -23.201
1552.5694, -23.203
1552.5906, -23.204
1552.6119, -23.207
1552.6332, -23.207
1552.6544, -23.209
1552.6757, -23.206
1552.6969, -23.210
1552.7182, -23.210
1552.7394, -23.206
1552.7607, -23.208
1552.7819, -23.205
1552.8032, -23.204
1552.8245, -23.208
1552.8457, -23.208
1552.8670, -23.212
1552.8882, -23.209
1552.9095, -23.209
1552.9307, -23.206
1552.9520, -23.207
1552.9732, -23.206
1552.9945, -23.205
1553.0158, -23.203
1553.0370, -23.205
1553.0583, -23.204
1553.0795, -23.205
1553.1008, -23.206
1553.1220, -23.207
1553.1433, -23.203
1553.1645, -23.203
1553.1858, -23.202
1553.2071, -23.200
1553.2283, -23.201
1553.2496, -23.199
1553.2708, -23.200
1553.2921, -23.201
1553.3133, -23.200
1553.3346, -23.203
1553.3558, -23.202
1553.3771, -23.203
1553.3983, -23.201
1553.4196, -23.199
1553.4409, -23.200
1553.4621, -23.201
1553.4834, -23.203
1553.5046, -23.204
1553.5259, -23.205
1553.5471, -23.207
1553.5684, -23.207
1553.5896, -23.212
1553.6109, -23.211
1553.6322, -23.210
1553.6534, -23.212
1553.6747, -23.211
1553.6959, -23.213
1553.7172, -23.215
1553.7384, -23.217
1553.7597, -23.220
1553.7809, -23.221
1553.8022, -23.223
1553.8235, -23.222
1553.8447, -23.222
1553.8660, -23.226
1553.8872, -23.223
1553.9085, -23.228
1553.9297, -23.227
1553.9510, -23.229
1553.9722, -23.230
1553.9935, -23.234
1554.0148, -23.231
1554.0360, -23.229
1554.0573, -23.234
1554.0785, -23.230
1554.0998, -23.230
1554.1210, -23.229
1554.1423, -23.227
1554.1635, -23.229
1554.1848, -23.229
1554.2061, -23.233
1554.2273, -23.233
1554.2486, -23.230
1554.2698, -23.230
1554.2911, -23.227
1554.3123, -23.226
1554.3336, -23.227
1554.3548, -23.224
1554.3761, -23.226
1554.3973, -23.225
1554.4186, -23.227
1554.4399, -23.225
1554.4611, -23.226
1554.4824, -23.225
1554.5036, -23.223
1554.5249, -23.224
1554.5461, -23.224
1554.5674, -23.222
1554.5886, -23.224
1554.6099, -23.223
1554.6312, -23.223
1554.6524, -23.225
1554.6737, -23.225
1554.6949, -23.226
1554.7162, -23.227
1554.7374, -23.226
1554.7587, -23.227
1554.7799, -23.227
1554.8012, -23.229
1554.8225, -23.229
1554.8437, -23.232
1554.8650, -23.232
1554.8862, -23.236
1554.9075, -23.240
1554.9287, -23.241
1554.9500, -23.244
1554.9712, -23.245
1554.9925, -23.248
1555.0138, -23.252
1555.0350, -23.250
1555.0563, -23.255
1555.0775, -23.258
1555.0988, -23.260
1555.1200, -23.263
1555.1413, -23.267
1555.1625, -23.269
1555.1838, -23.272
1555.2051, -23.271
1555.2263, -23.276
1555.2476, -23.277
1555.2688, -23.279
1555.2901, -23.283
1555.3113, -23.286
1555.3326, -23.290
1555.3538, -23.292
1555.3751, -23.295
1555.3963, -23.294
1555.4176, -23.297
1555.4389, -23.298
1555.4601, -23.299
1555.4814, -23.303
1555.5026, -23.302
1555.5239, -23.303
1555.5451, -23.304
1555.5664, -23.306
1555.5876, -23.306
1555.6089, -23.306
1555.6302, -23.303
1555.6514, -23.305
1555.6727, -23.302
1555.6939, -23.305
1555.7152, -23.302
1555.7364, -23.302
1555.7577, -23.302
1555.7789, -23.302
1555.8002, -23.303
1555.8215, -23.305
1555.8427, -23.304
1555.8640, -23.305
1555.8852, -23.306
1555.9065, -23.306
1555.9277, -23.305
1555.9490, -23.306
1555.9702, -23.307
1555.9915, -23.307
1556.0128, -23.312
1556.0340, -23.312
1556.0553, -23.315
1556.0765, -23.317
1556.0978, -23.316
1556.1190, -23.321
1556.1403, -23.322
1556.1615, -23.325
1556.1828, -23.327
1556.2041, -23.329
1556.2253, -23.332
1556.2466, -23.337
1556.2678, -23.342
1556.2891, -23.347
1556.3103, -23.352
1556.3316, -23.353
1556.3528, -23.358
1556.3741, -23.362
1556.3953, -23.366
1556.4166, -23.369
1556.4379, -23.374
1556.4591, -23.379
1556.4804, -23.385
1556.5016, -23.390
1556.5229, -23.392
1556.5441, -23.399
1556.5654, -23.402
1556.5866, -23.406
1556.6079, -23.412
1556.6292, -23.414
1556.6504, -23.420
1556.6717, -23.423
1556.6929, -23.427
1556.7142, -23.433
1556.7354, -23.438
1556.7567, -23.444
1556.7779, -23.448
1556.7992, -23.453
1556.8205, -23.457
1556.8417, -23.461
1556.8630, -23.462
1556.8842, -23.466
1556.9055, -23.468
1556.9267, -23.471
1556.9480, -23.476
1556.9692, -23.478
1556.9905, -23.479
1557.0118, -23.481
1557.0330, -23.485
1557.0543, -23.485
1557.0755, -23.487
1557.0968, -23.488
1557.1180, -23.488
1557.1393, -23.491
1557.1605, -23.494
1557.1818, -23.497
1557.2031, -23.500
1557.2243, -23.504
1557.2456, -23.508
1557.2668, -23.510
1557.2881, -23.513
1557.3093, -23.518
1557.3306, -23.519
1557.3518, -23.525
1557.3731, -23.530
1557.3943, -23.535
1557.4156, -23.542
1557.4369, -23.548
1557.4581, -23.555
1557.4794, -23.559
1557.5006, -23.562
1557.5219, -23.569
1557.5431, -23.571
1557.5644, -23.579
1557.5856, -23.586
1557.6069, -23.593
1557.6282, -23.602
1557.6494, -23.607
1557.6707, -23.618
1557.6919, -23.626
1557.7132, -23.636
1557.7344, -23.645
1557.7557, -23.650
1557.7769, -23.660
1557.7982, -23.666
1557.8195, -23.676
1557.8407, -23.685
1557.8620, -23.694
1557.8832, -23.705
1557.9045, -23.712
1557.9257, -23.723
1557.9470, -23.733
1557.9682, -23.739
1557.9895, -23.748
1558.0108, -23.756
1558.0320, -23.766
1558.0533, -23.776
1558.0745, -23.786
1558.0958, -23.799
1558.1170, -23.807
1558.1383, -23.816
1558.1595, -23.824
1558.1808, -23.835
1558.2021, -23.844
1558.2233, -23.853
1558.2446, -23.863
1558.2658, -23.872
1558.2871, -23.879
1558.3083, -23.890
1558.3296, -23.897
1558.3508, -23.906
1558.3721, -23.913
1558.3933, -23.920
1558.4146, -23.927
1558.4359, -23.930
1558.4571, -23.938
1558.4784, -23.944
1558.4996, -23.949
1558.5209, -23.957
1558.5421, -23.963
1558.5634, -23.972
1558.5846, -23.981
1558.6059, -23.989
1558.6272, -23.994
1558.6484, -24.003
1558.6697, -24.011
1558.6909, -24.018
1558.7122, -24.029
1558.7334, -24.039
1558.7547, -24.046
1558.7759, -24.059
1558.7972, -24.071
1558.8185, -24.080
1558.8397, -24.091
1558.8610, -24.100
1558.8822, -24.111
1558.9035, -24.122
1558.9247, -24.131
1558.9460, -24.141
1558.9672, -24.154
1558.9885, -24.169
1559.0098, -24.179
1559.0310, -24.194
1559.0523, -24.206
1559.0735, -24.219
1559.0948, -24.229
1559.1160, -24.239
1559.1373, -24.253
1559.1585, -24.264
1559.1798, -24.278
1559.2011, -24.294
1559.2223, -24.306
1559.2436, -24.319
1559.2648, -24.330
1559.2861, -24.345
1559.3073, -24.355
1559.3286, -24.368
1559.3498, -24.381
1559.3711, -24.392
1559.3923, -24.402
1559.4136, -24.417
1559.4349, -24.432
1559.4561, -24.447
1559.4774, -24.459
1559.4986, -24.471
1559.5199, -24.487
1559.5411, -24.497
1559.5624, -24.513
1559.5836, -24.526
1559.6049, -24.541
1559.6262, -24.553
1559.6474, -24.566
1559.6687, -24.583
1559.6899, -24.597
1559.7112, -24.613
1559.7324, -24.622
1559.7537, -24.633
1559.7749, -24.648
1559.7962, -24.658
1559.8175, -24.669
1559.8387, -24.679
1559.8600, -24.688
1559.8812, -24.701
1559.9025, -24.708
1559.9237, -24.725
1559.9450, -24.731
1559.9662, -24.741
1559.9875, -24.753
1560.0088, -24.762
1560.0300, -24.773
1560.0513, -24.782
1560.0725, -24.794
1560.0938, -24.808
1560.1150, -24.818
1560.1363, -24.834
1560.1575, -24.846
1560.1788, -24.860
1560.2001, -24.876
1560.2213, -24.888
1560.2426, -24.901
1560.2638, -24.910
1560.2851, -24.927
1560.3063, -24.940
1560.3276, -24.958
1560.3488, -24.973
1560.3701, -24.988
1560.3913, -25.005
1560.4126, -25.019
1560.4339, -25.033
1560.4551, -25.050
1560.4764, -25.064
1560.4976, -25.081
1560.5189, -25.095
1560.5401, -25.112
1560.5614, -25.129
1560.5826, -25.142
1560.6039, -25.163
1560.6252, -25.176
1560.6464, -25.195
1560.6677, -25.210
1560.6889, -25.225
1560.7102, -25.242
1560.7314, -25.252
1560.7527, -25.272
1560.7739, -25.286
1560.7952, -25.302
1560.8165, -25.320
1560.8377, -25.335
1560.8590, -25.355
1560.8802, -25.370
1560.9015, -25.384
1560.9227, -25.403
1560.9440, -25.416
1560.9652, -25.435
1560.9865, -25.452
1561.0078, -25.471
1561.0290, -25.489
1561.0503, -25.507
1561.0715, -25.526
1561.0928, -25.545
1561.1140, -25.563
1561.1353, -25.580
1561.1565, -25.598
1561.1778, -25.616
1561.1990, -25.631
1561.2203, -25.647
1561.2416, -25.664
1561.2628, -25.679
1561.2841, -25.696
1561.3053, -25.708
1561.3266, -25.724
1561.3478, -25.739
1561.3691, -25.752
1561.3903, -25.768
1561.4116, -25.779
1561.4329, -25.795
1561.4541, -25.809
1561.4754, -25.824
1561.4966, -25.840
1561.5179, -25.853
1561.5391, -25.870
1561.5604, -25.887
1561.5816, -25.903
1561.6029, -25.922
1561.6242, -25.936
1561.6454, -25.954
1561.6667, -25.971
1561.6879, -25.988
1561.7092, -26.006
1561.7304, -26.021
1561.7517, -26.040
1561.7729, -26.058
1561.7942, -26.078
1561.8155, -26.096
1561.8367, -26.115
1561.8580, -26.133
1561.8792, -26.152
1561.9005, -26.169
1561.9217, -26.189
1561.9430, -26.208
1561.9642, -26.228
1561.9855, -26.248
1562.0068, -26.267
1562.0280, -26.288
1562.0493, -26.304
1562.0705, -26.325
1562.0918, -26.343
1562.1130, -26.359
1562.1343, -26.382
1562.1555, -26.399
1562.1768, -26.418
1562.1980, -26.438
1562.2193, -26.456
1562.2406, -26.476
1562.2618, -26.494
1562.2831, -26.514
1562.3043, -26.533
1562.3256, -26.551
1562.3468, -26.575
1562.3681, -26.592
1562.3893, -26.611
1562.4106, -26.633
1562.4319, -26.653
1562.4531, -26.677
1562.4744, -26.696
1562.4956, -26.722
1562.5169, -26.740
1562.5381, -26.761
1562.5594, -26.786
1562.5806, -26.805
1562.6019, -26.829
1562.6232, -26.848
1562.6444, -26.869
1562.6657, -26.887
1562.6869, -26.904
1562.7082, -26.927
1562.7294, -26.943
1562.7507, -26.962
1562.7719, -26.982
1562.7932, -26.998
1562.8145, -27.015
1562.8357, -27.032
1562.8570, -27.046
1562.8782, -27.069
1562.8995, -27.082
1562.9207, -27.103
1562.9420, -27.121
1562.9632, -27.139
1562.9845, -27.162
1563.0058, -27.176
1563.0270, -27.198
1563.0483, -27.215
1563.0695, -27.234
1563.0908, -27.257
1563.1120, -27.274
1563.1333, -27.299
1563.1545, -27.316
1563.1758, -27.337
1563.1970, -27.360
1563.2183, -27.379
1563.2396, -27.401
1563.2608, -27.418
1563.2821, -27.440
1563.3033, -27.461
1563.3246, -27.484
1563.3458, -27.504
1563.3671, -27.525
1563.3883, -27.549
1563.4096, -27.568
1563.4309, -27.588
1563.4521, -27.610
1563.4734, -27.631
1563.4946, -27.654
1563.5159, -27.674
1563.5371, -27.697
1563.5584, -27.716
1563.5796, -27.739
1563.6009, -27.760
1563.6222, -27.783
1563.6434, -27.805
1563.6647, -27.828
1563.6859, -27.851
1563.7072, -27.873
1563.7284, -27.896
1563.7497, -27.919
1563.7709, -27.942
1563.7922, -27.964
1563.8135, -27.988
1563.8347, -28.011
1563.8560, -28.035
1563.8772, -28.059
1563.8985, -28.083
1563.9197, -28.106
1563.9410, -28.129
1563.9622, -28.153
1563.9835, -28.178
1564.0048, -28.201
1564.0260, -28.223
1564.0473, -28.250
1564.0685, -28.274
1564.0898, -28.296
1564.1110, -28.319
1564.1323, -28.343
1564.1535, -28.364
1564.1748, -28.385
1564.1960, -28.406
1564.2173, -28.427
1564.2386, -28.448
1564.2598, -28.468
1564.2811, -28.489
1564.3023, -28.510
1564.3236, -28.531
1564.3448, -28.552
1564.3661, -28.574
1564.3873, -28.596
1564.4086, -28.616
1564.4299, -28.636
1564.4511, -28.660
1564.4724, -28.683
1564.4936, -28.706
1564.5149, -28.729
1564.5361, -28.750
1564.5574, -28.771
1564.5786, -28.796
1564.5999, -28.818
1564.6212, -28.840
1564.6424, -28.866
1564.6637, -28.889
1564.6849, -28.908
1564.7062, -28.934
1564.7274, -28.957
1564.7487, -28.980
1564.7699, -29.004
1564.7912, -29.025
1564.8125, -29.049
1564.8337, -29.072
1564.8550, -29.096
1564.8762, -29.119
1564.8975, -29.141
1564.9187, -29.167
1564.9400, -29.190
1564.9612, -29.212
1564.9825, -29.238
1565.0038, -29.261
1565.0250, -29.287
1565.0463, -29.308
1565.0675, -29.334
1565.0888, -29.356
1565.1100, -29.381
1565.1313, -29.405
1565.1525, -29.428
1565.1738, -29.455
1565.1950, -29.480
1565.2163, -29.503
1565.2376, -29.527
1565.2588, -29.552
1565.2801, -29.575
1565.3013, -29.603
1565.3226, -29.625
1565.3438, -29.652
1565.3651, -29.678
1565.3863, -29.703
1565.4076, -29.728
1565.4289, -29.752
1565.4501, -29.777
1565.4714, -29.803
1565.4926, -29.828
1565.5139, -29.853
1565.5351, -29.876
1565.5564, -29.900
1565.5776, -29.923
1565.5989, -29.947
1565.6202, -29.970
1565.6414, -29.989
1565.6627, -30.013
1565.6839, -30.035
1565.7052, -30.058
1565.7264, -30.080
1565.7477, -30.104
1565.7689, -30.124
1565.7902, -30.146
1565.8115, -30.170
1565.8327, -30.194
1565.8540, -30.215
1565.8752, -30.239
1565.8965, -30.261
1565.9177, -30.283
1565.9390, -30.307
1565.9602, -30.330
1565.9815, -30.354
1566.0028, -30.376
1566.0240, -30.399
1566.0453, -30.425
1566.0665, -30.446
1566.0878, -30.469
1566.1090, -30.494
1566.1303, -30.516
1566.1515, -30.541
1566.1728, -30.563
1566.1940, -30.586
1566.2153, -30.607
1566.2366, -30.631
1566.2578, -30.651
1566.2791, -30.677
1566.3003, -30.701
1566.3216, -30.724
1566.3428, -30.746
1566.3641, -30.770
1566.3853, -30.795
1566.4066, -30.818
1566.4279, -30.840
1566.4491, -30.867
1566.4704, -30.889
1566.4916, -30.912
1566.5129, -30.936
1566.5341, -30.961
1566.5554, -30.987
1566.5766, -31.010
1566.5979, -31.034
1566.6192, -31.061
1566.6404, -31.085
1566.6617, -31.111
1566.6829, -31.136
1566.7042, -31.158
1566.7254, -31.183
1566.7467, -31.210
1566.7679, -31.234
1566.7892, -31.260
1566.8105, -31.283
1566.8317, -31.310
1566.8530, -31.334
1566.8742, -31.357
1566.8955, -31.385
1566.9167, -31.405
1566.9380, -31.433
1566.9592, -31.455
1566.9805, -31.479
1567.0018, -31.504
1567.0230, -31.526
1567.0443, -31.553
1567.0655, -31.574
1567.0868, -31.599
1567.1080, -31.622
1567.1293, -31.646
1567.1505, -31.668
1567.1718, -31.690
1567.1930, -31.714
1567.2143, -31.736
1567.2356, -31.759
1567.2568, -31.784
1567.2781, -31.807
1567.2993, -31.829
1567.3206, -31.854
1567.3418, -31.878
1567.3631, -31.901
1567.3843, -31.925
1567.4056, -31.950
1567.4269, -31.972
1567.4481, -31.998
1567.4694, -32.021
1567.4906, -32.045
1567.5119, -32.068
1567.5331, -32.091
1567.5544, -32.117
1567.5756, -32.140
1567.5969, -32.164
1567.6182, -32.184
1567.6394, -32.210
1567.6607, -32.230
1567.6819, -32.259
1567.7032, -32.281
1567.7244, -32.306
1567.7457, -32.329
1567.7669, -32.350
1567.7882, -32.376
1567.8095, -32.397
1567.8307, -32.422
1567.8520, -32.444
1567.8732, -32.469
1567.8945, -32.494
1567.9157, -32.518
1567.9370, -32.543
1567.9582, -32.571
1567.9795, -32.595
1568.0008, -32.617
1568.0220, -32.642
1568.0433, -32.668
1568.0645, -32.695
1568.0858, -32.719
1568.1070, -32.744
1568.1283, -32.769
1568.1495, -32.794
1568.1708, -32.818
1568.1920, -32.844
1568.2133, -32.872
1568.2346, -32.893
1568.2558, -32.920
1568.2771, -32.944
1568.2983, -32.969
1568.3196, -32.995
1568.3408, -33.020
1568.3621, -33.048
1568.3833, -33.068
1568.4046, -33.095
1568.4259, -33.122
1568.4471, -33.143
1568.4684, -33.168
1568.4896, -33.193
1568.5109, -33.218
1568.5321, -33.244
1568.5534, -33.265
1568.5746, -33.289
1568.5959, -33.313
1568.6172, -33.337
1568.6384, -33.359
1568.6597, -33.384
1568.6809, -33.406
1568.7022, -33.430
1568.7234, -33.455
1568.7447, -33.477
1568.7659, -33.499
1568.7872, -33.527
1568.8085, -33.548
1568.8297, -33.567
1568.8510, -33.593
1568.8722, -33.617
1568.8935, -33.642
1568.9147, -33.667
1568.9360, -33.690
1568.9572, -33.711
1568.9785, -33.734
1568.9997, -33.760
1569.0210, -33.782
1569.0423, -33.807
1569.0635, -33.830
1569.0848, -33.853
1569.1060, -33.876
1569.1273, -33.897
1569.1485, -33.924
1569.1698, -33.948
1569.1910, -33.969
1569.2123, -33.991
1569.2336, -34.013
1569.2548, -34.039
1569.2761, -34.063
1569.2973, -34.086
1569.3186, -34.113
1569.3398, -34.136
1569.3611, -34.158
1569.3823, -34.182
1569.4036, -34.203
1569.4249, -34.229
1569.4461, -34.254
1569.4674, -34.277
1569.4886, -34.303
1569.5099, -34.326
1569.5311, -34.352
1569.5524, -34.377
1569.5736, -34.402
1569.5949, -34.426
1569.6162, -34.450
1569.6374, -34.476
1569.6587, -34.500
1569.6799, -34.525
1569.7012, -34.550
1569.7224, -34.571
1569.7437, -34.598
1569.7649, -34.620
1569.7862, -34.645
1569.8075, -34.668
1569.8287, -34.694
1569.8500, -34.721
1569.8712, -34.742
1569.8925, -34.771
1569.9137, -34.792
1569.9350, -34.814
1569.9562, -34.842
1569.9775, -34.861
1569.9987, -34.884
1570.0200, -34.909
1570.0413, -34.930
1570.0625, -34.955
1570.0838, -34.977
1570.1050, -35.002
1570.1263, -35.026
1570.1475, -35.042
1570.1688, -35.067
1570.1900, -35.089
1570.2113, -35.110
1570.2326, -35.134
1570.2538, -35.157
1570.2751, -35.182
1570.2963, -35.203
1570.3176, -35.223
1570.3388, -35.250
1570.3601, -35.270
1570.3813, -35.293
1570.4026, -35.316
1570.4239, -35.339
1570.4451, -35.361
1570.4664, -35.381
1570.4876, -35.408
1570.5089, -35.431
1570.5301, -35.451
1570.5514, -35.474
1570.5726, -35.495
1570.5939, -35.520
1570.6152, -35.546
1570.6364, -35.565
1570.6577, -35.592
1570.6789, -35.614
1570.7002, -35.638
1570.7214, -35.659
1570.7427, -35.681
1570.7639, -35.707
1570.7852, -35.731
1570.8065, -35.753
1570.8277, -35.774
1570.8490, -35.795
1570.8702, -35.820
1570.8915, -35.845
1570.9127, -35.866
1570.9340, -35.892
1570.9552, -35.912
1570.9765, -35.934
1570.9977, -35.960
1571.0190, -35.982
1571.0403, -36.010
1571.0615, -36.026
1571.0828, -36.051
1571.1040, -36.074
1571.1253, -36.099
1571.1465, -36.123
1571.1678, -36.143
1571.1890, -36.168
1571.2103, -36.191
1571.2316, -36.213
1571.2528, -36.239
1571.2741, -36.262
1571.2953, -36.283
1571.3166, -36.309
1571.3378, -36.330
1571.3591, -36.352
1571.3803, -36.375
1571.4016, -36.396
1571.4229, -36.418
1571.4441, -36.442
1571.4654, -36.466
1571.4866, -36.489
1571.5079, -36.506
1571.5291, -36.528
1571.5504, -36.551
1571.5716, -36.573
1571.5929, -36.590
1571.6142, -36.610
1571.6354, -36.631
1571.6567, -36.652
1571.6779, -36.674
1571.6992, -36.697
1571.7204, -36.715
1571.7417, -36.738
1571.7629, -36.756
1571.7842, -36.776
1571.8055, -36.801
1571.8267, -36.822
1571.8480, -36.845
1571.8692, -36.866
1571.8905, -36.886
1571.9117, -36.910
1571.9330, -36.929
1571.9542, -36.951
1571.9755, -36.970
1571.9967, -36.991
1572.0180, -37.017
1572.0393, -37.036
1572.0605, -37.057
1572.0818, -37.082
1572.1030, -37.104
1572.1243, -37.127
1572.1455, -37.150
1572.1668, -37.169
1572.1880, -37.191
1572.2093, -37.216
1572.2306, -37.235
1572.2518, -37.256
1572.2731, -37.276
1572.2943, -37.293
1572.3156, -37.317
1572.3368, -37.337
1572.3581, -37.360
1572.3793, -37.378
1572.4006, -37.401
1572.4219, -37.419
1572.4431, -37.441
1572.4644, -37.462
1572.4856, -37.483
1572.5069, -37.507
1572.5281, -37.527
1572.5494, -37.547
1572.5706, -37.566
1572.5919, -37.588
1572.6132, -37.607
1572.6344, -37.628
1572.6557, -37.652
1572.6769, -37.670
1572.6982, -37.691
1572.7194, -37.712
1572.7407, -37.735
1572.7619, -37.754
1572.7832, -37.777
1572.8045, -37.796
1572.8257, -37.816
1572.8470, -37.836
1572.8682, -37.858
1572.8895, -37.878
1572.9107, -37.894
1572.9320, -37.917
1572.9532, -37.937
1572.9745, -37.956
1572.9957, -37.976
1573.0170, -37.993
1573.0383, -38.015
1573.0595, -38.032
1573.0808, -38.051
1573.1020, -38.073
1573.1233, -38.088
1573.1445, -38.108
1573.1658, -38.129
1573.1870, -38.150
1573.2083, -38.169
1573.2296, -38.189
1573.2508, -38.208
1573.2721, -38.225
1573.2933, -38.245
1573.3146, -38.267
1573.3358, -38.285
1573.3571, -38.305
1573.3783, -38.324
1573.3996, -38.346
1573.4209, -38.364
1573.4421, -38.387
1573.4634, -38.406
1573.4846, -38.428
1573.5059, -38.446
1573.5271, -38.465
1573.5484, -38.490
1573.5696, -38.505
1573.5909, -38.532
1573.6122, -38.547
1573.6334, -38.566
1573.6547, -38.586
1573.6759, -38.608
1573.6972, -38.625
1573.7184, -38.649
1573.7397, -38.666
1573.7609, -38.684
1573.7822, -38.707
1573.8035, -38.725
1573.8247, -38.743
1573.8460, -38.763
1573.8672, -38.781
1573.8885, -38.800
1573.9097, -38.821
1573.9310, -38.839
1573.9522, -38.856
1573.9735, -38.878
1573.9947, -38.897
1574.0160, -38.916
1574.0373, -38.935
1574.0585, -38.955
1574.0798, -38.975
1574.1010, -38.992
1574.1223, -39.014
1574.1435, -39.031
1574.1648, -39.052
1574.1860, -39.071
1574.2073, -39.089
1574.2286, -39.107
1574.2498, -39.127
1574.2711, -39.149
1574.2923, -39.168
1574.3136, -39.187
1574.3348, -39.206
1574.3561, -39.228
1574.3773, -39.245
1574.3986, -39.261
1574.4199, -39.283
1574.4411, -39.302
1574.4624, -39.319
1574.4836, -39.341
1574.5049, -39.356
1574.5261, -39.377
1574.5474, -39.395
1574.5686, -39.411
1574.5899, -39.426
1574.6112, -39.452
1574.6324, -39.469
1574.6537, -39.484
1574.6749, -39.505
1574.6962, -39.521
1574.7174, -39.540
1574.7387, -39.559
1574.7599, -39.578
1574.7812, -39.597
1574.8025, -39.617
1574.8237, -39.633
1574.8450, -39.650
1574.8662, -39.673
1574.8875, -39.690
1574.9087, -39.707
1574.9300, -39.727
1574.9512, -39.747
1574.9725, -39.762
1574.9937, -39.784
1575.0150, -39.802
1575.0363, -39.823
1575.0575, -39.839
1575.0788, -39.858
1575.1000, -39.873
1575.1213, -39.893
1575.1425, -39.908
1575.1638, -39.928
1575.1850, -39.945
1575.2063, -39.961
1575.2276, -39.982
1575.2488, -39.998
1575.2701, -40.011
1575.2913, -40.027
1575.3126, -40.048
1575.3338, -40.064
1575.3551, -40.082
1575.3763, -40.103
1575.3976, -40.113
1575.4189, -40.131
1575.4401, -40.147
1575.4614, -40.169
1575.4826, -40.179
1575.5039, -40.200
1575.5251, -40.218
1575.5464, -40.231
1575.5676, -40.250
1575.5889, -40.266
1575.6102, -40.280
1575.6314, -40.299
1575.6527, -40.315
1575.6739, -40.333
1575.6952, -40.350
1575.7164, -40.364
1575.7377, -40.382
1575.7589, -40.402
1575.7802, -40.419
1575.8015, -40.434
1575.8227, -40.451
1575.8440, -40.464
1575.8652, -40.480
1575.8865, -40.499
1575.9077, -40.516
1575.9290, -40.531
1575.9502, -40.553
1575.9715, -40.566
1575.9927, -40.575
1576.0140, -40.598
1576.0353, -40.608
1576.0565, -40.621
1576.0778, -40.641
1576.0990, -40.655
1576.1203, -40.671
1576.1415, -40.688
1576.1628, -40.699
1576.1840, -40.714
1576.2053, -40.735
1576.2266, -40.747
1576.2478, -40.761
1576.2691, -40.779
1576.2903, -40.795
1576.3116, -40.810
1576.3328, -40.827
1576.3541, -40.840
1576.3753, -40.855
1576.3966, -40.869
1576.4179, -40.888
1576.4391, -40.902
1576.4604, -40.918
1576.4816, -40.933
1576.5029, -40.949
1576.5241, -40.964
1576.5454, -40.975
1576.5666, -40.991
1576.5879, -41.007
1576.6092, -41.019
1576.6304, -41.034
1576.6517, -41.050
1576.6729, -41.060
1576.6942, -41.076
1576.7154, -41.092
1576.7367, -41.106
1576.7579, -41.118
1576.7792, -41.133
1576.8005, -41.143
1576.8217, -41.160
1576.8430, -41.176
1576.8642, -41.188
1576.8855, -41.200
1576.9067, -41.220
1576.9280, -41.231
1576.9492, -41.244
1576.9705, -41.254
1576.9917, -41.274
1577.0130, -41.286
1577.0343, -41.305
1577.0555, -41.313
1577.0768, -41.326
1577.0980, -41.345
1577.1193, -41.356
1577.1405, -41.372
1577.1618, -41.389
1577.1830, -41.400
1577.2043, -41.419
1577.2256, -41.435
1577.2468, -41.444
1577.2681, -41.460
1577.2893, -41.480
1577.3106, -41.492
1577.3318, -41.506
1577.3531, -41.522
1577.3743, -41.535
1577.3956, -41.547
1577.4169, -41.561
1577.4381, -41.577
1577.4594, -41.589
1577.4806, -41.603
1577.5019, -41.616
1577.5231, -41.629
1577.5444, -41.642
1577.5656, -41.655
1577.5869, -41.667
1577.6082, -41.685
1577.6294, -41.697
1577.6507, -41.708
1577.6719, -41.725
1577.6932, -41.742
1577.7144, -41.751
1577.7357, -41.768
1577.7569, -41.781
1577.7782, -41.792
1577.7994, -41.810
1577.8207, -41.823
1577.8420, -41.836
1577.8632, -41.850
1577.8845, -41.868
1577.9057, -41.877
1577.9270, -41.888
1577.9482, -41.909
1577.9695, -41.917
1577.9907, -41.931
1578.0120, -41.947
1578.0333, -41.954
1578.0545, -41.968
1578.0758, -41.985
1578.0970, -41.997
1578.1183, -42.003
1578.1395, -42.022
1578.1608, -42.032
1578.1820, -42.047
1578.2033, -42.059
1578.2246, -42.070
1578.2458, -42.084
1578.2671, -42.095
1578.2883, -42.110
1578.3096, -42.121
1578.3308, -42.136
1578.3521, -42.152
1578.3733, -42.162
1578.3946, -42.176
1578.4159, -42.192
1578.4371, -42.196
1578.4584, -42.214
1578.4796, -42.228
1578.5009, -42.239
1578.5221, -42.254
1578.5434, -42.266
1578.5646, -42.277
1578.5859, -42.292
1578.6072, -42.312
1578.6284, -42.317
1578.6497, -42.335
1578.6709, -42.344
1578.6922, -42.360
1578.7134, -42.374
1578.7347, -42.380
1578.7559, -42.404
1578.7772, -42.419
1578.7984, -42.423
1578.8197, -42.441
1578.8410, -42.456
1578.8622, -42.464
1578.8835, -42.476
1578.9047, -42.491
1578.9260, -42.506
1578.9472, -42.514
1578.9685, -42.534
1578.9897, -42.541
1579.0110, -42.549
1579.0323, -42.565
1579.0535, -42.577
1579.0748, -42.586
1579.0960, -42.607
1579.1173, -42.614
1579.1385, -42.622
1579.1598, -42.635
1579.1810, -42.648
1579.2023, -42.659
1579.2236, -42.664
1579.2448, -42.678
1579.2661, -42.693
1579.2873, -42.702
1579.3086, -42.715
1579.3298, -42.726
1579.3511, -42.740
1579.3723, -42.746
1579.3936, -42.757
1579.4149, -42.776
1579.4361, -42.785
1579.4574, -42.792
1579.4786, -42.807
1579.4999, -42.825
1579.5211, -42.828
1579.5424, -42.841
1579.5636, -42.857
1579.5849, -42.861
1579.6062, -42.876
1579.6274, -42.884
1579.6487, -42.892
1579.6699, -42.902
1579.6912, -42.913
1579.7124, -42.928
1579.7337, -42.941
1579.7549, -42.949
1579.7762, -42.953
1579.7974, -42.977
1579.8187, -42.971
1579.8400, -42.990
1579.8612, -43.009
1579.8825, -43.013
1579.9037, -43.024
1579.9250, -43.039
1579.9462, -43.050
1579.9675, -43.054
1579.9887, -43.067
1580.0100, -43.086
1580.0313, -43.086
1580.0525, -43.100
1580.0738, -43.112
1580.0950, -43.124
1580.1163, -43.131
1580.1375, -43.141
1580.1588, -43.159
1580.1800, -43.167
1580.2013, -43.176
1580.2226, -43.186
1580.2438, -43.194
1580.2651, -43.214
1580.2863, -43.223
1580.3076, -43.229
1580.3288, -43.238
1580.3501, -43.252
1580.3713, -43.259
1580.3926, -43.271
1580.4139, -43.282
1580.4351, -43.293
1580.4564, -43.307
1580.4776, -43.312
1580.4989, -43.322
1580.5201, -43.330
1580.5414, -43.346
1580.5626, -43.343
1580.5839, -43.363
1580.6052, -43.366
1580.6264, -43.375
1580.6477, -43.393
1580.6689, -43.398
1580.6902, -43.401
1580.7114, -43.418
1580.7327, -43.429
1580.7539, -43.435
1580.7752, -43.447
1580.7964, -43.459
1580.8177, -43.462
1580.8390, -43.472
1580.8602, -43.487
1580.8815, -43.494
1580.9027, -43.506
1580.9240, -43.511
1580.9452, -43.523
1580.9665, -43.529
1580.9877, -43.544
1581.0090, -43.542
1581.0303, -43.557
1581.0515, -43.569
1581.0728, -43.575
1581.0940, -43.590
1581.1153, -43.599
1581.1365, -43.598
1581.1578, -43.617
1581.1790, -43.624
1581.2003, -43.636
1581.2216, -43.637
1581.2428, -43.655
1581.2641, -43.658
1581.2853, -43.668
1581.3066, -43.680
1581.3278, -43.683
1581.3491, -43.693
1581.3703, -43.705
1581.3916, -43.716
1581.4129, -43.726
1581.4341, -43.733
1581.4554, -43.742
1581.4766, -43.750
1581.4979, -43.764
1581.5191, -43.770
1581.5404, -43.781
1581.5616, -43.788
1581.5829, -43.798
1581.6042, -43.802
1581.6254, -43.815
1581.6467, -43.818
1581.6679, -43.839
1581.6892, -43.850
1581.7104, -43.851
1581.7317, -43.857
1581.7529, -43.874
1581.7742, -43.873
1581.7954, -43.886
1581.8167, -43.905
1581.8380, -43.904
1581.8592, -43.921
1581.8805, -43.924
1581.9017, -43.938
1581.9230, -43.935
1581.9442, -43.950
1581.9655, -43.966
1581.9867, -43.962
1582.0080, -43.977
1582.0293, -43.988
1582.0505, -43.995
1582.0718, -44.000
1582.0930, -44.013
1582.1143, -44.014
1582.1355, -44.027
1582.1568, -44.028
1582.1780, -44.038
1582.1993, -44.050
1582.2206, -44.053
1582.2418, -44.058
1582.2631, -44.077
1582.2843, -44.081
1582.3056, -44.090
1582.3268, -44.101
1582.3481, -44.105
1582.3693, -44.114
1582.3906, -44.121
1582.4119, -44.138
1582.4331, -44.131
1582.4544, -44.150
1582.4756, -44.157
1582.4969, -44.167
1582.5181, -44.169
1582.5394, -44.182
1582.5606, -44.186
1582.5819, -44.195
1582.6032, -44.207
1582.6244, -44.212
1582.6457, -44.222
1582.6669, -44.227
1582.6882, -44.231
1582.7094, -44.245
1582.7307, -44.253
1582.7519, -44.260
1582.7732, -44.266
1582.7944, -44.284
1582.8157, -44.271
1582.8370, -44.289
1582.8582, -44.304
1582.8795, -44.303
1582.9007, -44.316
1582.9220, -44.322
1582.9432, -44.327
1582.9645, -44.335
1582.9857, -44.349
1583.0070, -44.349
1583.0283, -44.361
1583.0495, -44.380
1583.0708, -44.381
1583.0920, -44.379
1583.1133, -44.394
1583.1345, -44.402
1583.1558, -44.409
1583.1770, -44.412
1583.1983, -44.426
1583.2196, -44.430
1583.2408, -44.441
1583.2621, -44.448
1583.2833, -44.456
1583.3046, -44.462
1583.3258, -44.470
1583.3471, -44.480
1583.3683, -44.487
1583.3896, -44.495
1583.4109, -44.499
1583.4321, -44.518
1583.4534, -44.522
1583.4746, -44.517
1583.4959, -44.539
1583.5171, -44.544
1583.5384, -44.551
1583.5596, -44.564
1583.5809, -44.565
1583.6022, -44.568
1583.6234, -44.580
1583.6447, -44.598
1583.6659, -44.591
1583.6872, -44.605
1583.7084, -44.613
1583.7297, -44.612
1583.7509, -44.627
1583.7722, -44.643
1583.7934, -44.636
1583.8147, -44.652
1583.8360, -44.654
1583.8572, -44.668
1583.8785, -44.675
1583.8997, -44.674
1583.9210, -44.688
1583.9422, -44.700
1583.9635, -44.705
1583.9847, -44.708
1584.0060, -44.719
1584.0273, -44.725
1584.0485, -44.732
1584.0698, -44.748
1584.0910, -44.755
1584.1123, -44.758
1584.1335, -44.759
1584.1548, -44.776
1584.1760, -44.777
1584.1973, -44.786
1584.2186, -44.790
1584.2398, -44.799
1584.2611, -44.801
1584.2823, -44.816
1584.3036, -44.814
1584.3248, -44.817
1584.3461, -44.836
1584.3673, -44.840
1584.3886, -44.845
1584.4099, -44.851
1584.4311, -44.860
1584.4524, -44.873
1584.4736, -44.879
1584.4949, -44.884
1584.5161, -44.893
1584.5374, -44.907
1584.5586, -44.907
1584.5799, -44.916
1584.6012, -44.928
1584.6224, -44.933
1584.6437, -44.942
1584.6649, -44.946
1584.6862, -44.955
1584.7074, -44.954
1584.7287, -44.973
1584.7499, -44.986
1584.7712, -44.982
1584.7924, -44.997
1584.8137, -44.999
1584.8350, -45.009
1584.8562, -45.013
1584.8775, -45.033
1584.8987, -45.027
1584.9200, -45.040
1584.9412, -45.050
1584.9625, -45.062
1584.9837, -45.059
1585.0050, -45.078
1585.0263, -45.083
1585.0475, -45.082
1585.0688, -45.098
1585.0900, -45.104
1585.1113, -45.106
1585.1325, -45.118
1585.1538, -45.120
1585.1750, -45.128
1585.1963, -45.133
1585.2176, -45.138
1585.2388, -45.142
1585.2601, -45.157
1585.2813, -45.158
1585.3026, -45.165
1585.3238, -45.172
1585.3451, -45.184
1585.3663, -45.183
1585.3876, -45.197
1585.4089, -45.209
1585.4301, -45.199
1585.4514, -45.212
1585.4726, -45.226
1585.4939, -45.226
1585.5151, -45.237
1585.5364, -45.242
1585.5576, -45.245
1585.5789, -45.257
1585.6002, -45.262
1585.6214, -45.271
1585.6427, -45.262
1585.6639, -45.282
1585.6852, -45.283
1585.7064, -45.277
1585.7277, -45.290
1585.7489, -45.297
1585.7702, -45.299
1585.7914, -45.311
1585.8127, -45.308
1585.8340, -45.319
1585.8552, -45.326
1585.8765, -45.327
1585.8977, -45.330
1585.9190, -45.349
1585.9402, -45.339
1585.9615, -45.354
1585.9827, -45.362
1586.0040, -45.369
1586.0253, -45.364
1586.0465, -45.382
1586.0678, -45.388
1586.0890, -45.391
1586.1103, -45.410
1586.1315, -45.402
1586.1528, -45.412
1586.1740, -45.418
1586.1953, -45.413
1586.2166, -45.425
1586.2378, -45.435
1586.2591, -45.442
1586.2803, -45.440
1586.3016, -45.454
1586.3228, -45.463
1586.3441, -45.461
1586.3653, -45.462
1586.3866, -45.480
1586.4079, -45.477
1586.4291, -45.486
1586.4504, -45.500
1586.4716, -45.498
1586.4929, -45.499
1586.5141, -45.511
1586.5354, -45.512
1586.5566, -45.522
1586.5779, -45.522
1586.5991, -45.525
1586.6204, -45.535
1586.6417, -45.538
1586.6629, -45.545
1586.6842, -45.546
1586.7054, -45.554
1586.7267, -45.555
1586.7479, -45.558
1586.7692, -45.572
1586.7904, -45.565
1586.8117, -45.573
1586.8330, -45.577
1586.8542, -45.583
1586.8755, -45.587
1586.8967, -45.596
1586.9180, -45.602
1586.9392, -45.605
1586.9605, -45.615
1586.9817, -45.614
1587.0030, -45.616
1587.0243, -45.621
1587.0455, -45.632
1587.0668, -45.634
1587.0880, -45.636
1587.1093, -45.650
1587.1305, -45.650
1587.1518, -45.652
1587.1730, -45.667
1587.1943, -45.662
1587.2156, -45.668
1587.2368, -45.668
1587.2581, -45.676
1587.2793, -45.679
1587.3006, -45.685
1587.3218, -45.692
1587.3431, -45.699
1587.3643, -45.704
1587.3856, -45.717
1587.4069, -45.718
1587.4281, -45.730
1587.4494, -45.726
1587.4706, -45.733
1587.4919, -45.746
1587.5131, -45.751
1587.5344, -45.745
1587.5556, -45.756
1587.5769, -45.766
1587.5981, -45.762
1587.6194, -45.777
1587.6407, -45.784
1587.6619, -45.786
1587.6832, -45.797
1587.7044, -45.809
1587.7257, -45.809
1587.7469, -45.819
1587.7682, -45.829
1587.7894, -45.829
1587.8107, -45.835
1587.8320, -45.852
1587.8532, -45.845
1587.8745, -45.853
1587.8957, -45.875
1587.9170, -45.878
1587.9382, -45.878
1587.9595, -45.892
1587.9807, -45.887
1588.0020, -45.895
1588.0233, -45.900
1588.0445, -45.913
1588.0658, -45.910
1588.0870, -45.923
1588.1083, -45.924
1588.1295, -45.929
1588.1508, -45.942
1588.1720, -45.938
1588.1933, -45.940
1588.2146, -45.957
1588.2358, -45.955
1588.2571, -45.969
1588.2783, -45.976
1588.2996, -45.979
1588.3208, -45.978
1588.3421, -45.988
1588.3633, -46.003
1588.3846, -45.991
1588.4059, -46.010
1588.4271, -46.022
1588.4484, -46.025
1588.4696, -46.025
1588.4909, -46.037
1588.5121, -46.036
1588.5334, -46.047
1588.5546, -46.057
1588.5759, -46.058
1588.5971, -46.059
1588.6184, -46.064
1588.6397, -46.079
1588.6609, -46.073
1588.6822, -46.096
1588.7034, -46.101
1588.7247, -46.104
1588.7459, -46.105
1588.7672, -46.118
1588.7884, -46.126
1588.8097, -46.125
1588.8310, -46.133
1588.8522, -46.142
1588.8735, -46.153
1588.8947, -46.152
1588.9160, -46.157
1588.9372, -46.167
1588.9585, -46.171
1588.9797, -46.185
1589.0010, -46.190
1589.0223, -46.207
1589.0435, -46.196
1589.0648, -46.208
1589.0860, -46.228
1589.1073, -46.224
1589.1285, -46.227
1589.1498, -46.239
1589.1710, -46.241
1589.1923, -46.243
1589.2136, -46.262
1589.2348, -46.264
1589.2561, -46.262
1589.2773, -46.280
1589.2986, -46.278
1589.3198, -46.276
1589.3411, -46.288
1589.3623, -46.289
1589.3836, -46.305
1589.4049, -46.303
1589.4261, -46.317
1589.4474, -46.316
1589.4686, -46.328
1589.4899, -46.338
1589.5111, -46.332
1589.5324, -46.335
1589.5536, -46.347
1589.5749, -46.356
1589.5961, -46.346
1589.6174, -46.372
1589.6387, -46.359
1589.6599, -46.370
1589.6812, -46.380
1589.7024, -46.376
1589.7237, -46.382
1589.7449, -46.391
1589.7662, -46.394
1589.7874, -46.401
1589.8087, -46.402
1589.8300, -46.401
1589.8512, -46.412
1589.8725, -46.422
1589.8937, -46.420
1589.9150, -46.428
1589.9362, -46.432
1589.9575, -46.435
1589.9787, -46.432
1590.0000, -46.453
